Hodiefratresdilectissimi	Hodie fratres dilectissimi
sermopolitus⁊plenusdeuotionissuauemͦmuraret	sermo politus ⁊ plenus deuotionis suaue mͦ muraret
incordibzuestris.quiaduentum	in cordibz uestris . qui aduentum
saluatorisdigna	saluatoris digna
laudeattolleret.sz	laude attolleret . sz
abhacexpectationeꝑsonaloquentisuos	ab hac expectatione ꝑsona loquentis uos
retrahit.qmneqzsensuscopia.	retrahit . qm neqz sensus copia .
neculla	nec ulla
commendatẏmagosc̄itatis.verumptam̄quiasollempnitastemporiscommunem	commendat ẏmago sc̄itatis . verumptam̄ quia sollempnitas temporis communem
nobisprebetmat̄iamgaudiorū	nobis prebet mat̄iam gaudiorū
.licetincircumcisusuerbo⁊	. licet incircumcisus uerbo ⁊
sensu.eotam̄quopossump̄coniooccuramdomino	sensu . eo tam̄ quo possum p̄conio occuram domino
uenienti.⁊gaudiisurīsuƚimportunummeinseram.	uenienti .⁊ gaudiis urīs uƚ importunum me inseram .
quibzspecialit̄p̄sentiadata	quibz specialit̄ p̄sentia data
estsaluatoris.Etquisfiliossponsiabaffectulecicie	est saluatoris . Et quis filios sponsi ab affectu lecicie
cohibeat.qͣndiucumiꝑsisestsponsus	cohibeat . qͣndiu cum iꝑsis est sponsus
:Eccexp̄cuosinuitatad	: Ecce xp̄c uos inuitat ad
gaudium.salomonindiadematequocoronauiteūmater	gaudium . salomon in diademate quo coronauit eū mater
suadecoratusincedit.	sua decoratus incedit .
tunicam.⁊dauidincẏtharadiemfestum	tunicam .⁊ dauid in cẏthara diem festum
agituobis.psallitimqͣmdauid	agit uobis . psallit imqͣm dauid
nr̄.xp̄cuidelicethomofōs	nr̄ . xp̄c uidelicet homo fōs
dequascͥptumest.Exurgegƚa	de qua scͥptum est . Exurge gƚa
meaexurgepsalt̄ium⁊cẏthara.ꝑquam.	mea exurge psalt̄ium ⁊ cẏthara . ꝑquam .
cͥplicemsonuminfunditcordibzur̄is	cͥplicem sonum infundit cordibz ur̄is
.uidelicethumilem.	. uidelicet humilem .
suauem.⁊iocundum.Et	suauem .⁊ iocundum . Et
uiderturad	uidertur ad
sonumhumilemꝑtinereuagitusilliinfantie	sonum humilem ꝑtinere uagitus illi infantie
.amplexusmat̄ni:attrectationesuberum.	. amplexus mat̄ni : attrectationes uberum .
crepondianouipartus	crepondia noui partus
.⁊cec̄ahui᷒modi.quemaiestasuerbidignataestin	.⁊ cec̄a hui᷒modi . que maiestas uerbi dignata est in
sonūmagishumilemcp̄tharaistareadidit.⁊usqz	sonū magis humilem cp̄thara ista rea didit .⁊ usqz
adeohumilem.qꝛneeciamdiscipuli	ad eo humilem . qꝛ ne eciam discipuli
ꝑficliamanus⁊peclesclauis.lancealatus	ꝑficlia manus ⁊ pecles clauis . lancea latus
eiusaꝑuit.	eius aꝑuit .
queadultimumcruciapensasonumillumflebilemreddidit.	que adultimum cruci apensa sonum illum flebilem reddidit .
Inmanustuasdn̄e.Ꝯmendosp̄m	In manus tuas dn̄e . Ꝯmendo sp̄m
meum.De	meum . De
hocsonoꝑpħamexꝑsona	hoc sono ꝑpħam ex ꝑsona
saluatorisdr̄	saluatoris dr̄
.Laborauidamansraucefactesuntfaucesmeedefeceruntoculi	. Laboraui damans rauce facte sunt fauces mee defecerunt oculi
meidumsꝑoīdm̄meum.Rauceinquitfc̄e	mei dum sꝑo īdm̄ meum . Rauce inquit fc̄e
suntfaucesmee.hoc	sunt fauces mee . hoc
reputatesūtuoces	reputate sūt uoces
estdiscipƚimeidefcerunt.dum	est discipƚi mei defcerunt . dum
sꝑoīdm̄meum᷒.Suauisautēsonus	sꝑo īdm̄ meum᷒ . Suauis autē sonus
fuitnouitasmiraculoꝝ.oꝑatio	fuit nouitas miraculoꝝ . oꝑatio
sanitatum.qūsanauitinfirmos⁊liƀauitomnes	sanitatum . qū sanauit infirmos ⁊ liƀauit omnes
opp̄ssosadiabolo.sz	opp̄ssos a diabolo . sz
adhucsuauiorfuituox	adhuc suauior fuit uox
illap̄dicationis.ꝑqͣmlegemuite	illa p̄dicationis . ꝑ qͣm legem uite
scripsitincordibz	scripsit in cordibz
iuūe.eosimqͣm	iuūe . eos imqͣm
quiīmanitatescelerumīuoluti.n̄sciebantuiuere.	qui īmanitate scelerum ī uoluti . n̄ sciebant uiuere .
szpoci᷒uitamconfundere.:Iocundus	sz poci᷒ uitam confundere .: Iocundus
.qn̄filiiadoptationis	. qn̄ filii ad optationis
audientuocēfiliiđidicentis.venitebn̄dict̄i	audient uocē filii đi dicentis . venite bn̄dict̄i
patrismei.Huiuscẏtharesonum	patris mei . Huius cẏthare sonum
iustiqͥexpectabansredemptionemisrƚ	iusti qͥ expectabans redemptionem isrƚ
⁊mensesusqziniđ	⁊ menses usqz in iđ
temꝑisqͣconsūmet᷑᷒	temꝑis qͣ consūmet᷑᷒
preuaricatio.⁊cleleaturiniquitas	preuaricatio .⁊ cleleatur iniquitas
.⁊ueniatiusticiasempit̄na.⁊unguat᷑sc̄ssc̄orum	.⁊ ueniat iusticia sempit̄na .⁊ unguat᷑ sc̄s sc̄orum
.Salaamꝙͥͦzseip̄m	. Salaam ꝙͥͦz se ip̄m
consolat᷑inspe	consolat᷑ inspe
szn̄modo	sz n̄ modo
.Qrieturstellaex	. Qrietur stella ex
iacob.⁊consurgeiurgade	iacob .⁊ consurge iurga de
isrƚ.Et	isrƚ . Et
ẏsaiasp̄nimioseip̄mn̄	ẏsaias p̄nimio se ip̄m n̄
capiensdesiderio.loq̄nsadfiiumdicit	capiens desiderio . loq̄ns ad fiium dicit
.vtinam	. vtinam
dirumꝑescelos	dirumꝑes celos
:⁊uenires.Dauid	:⁊ uenires . Dauid
ꝙͣlongafracoexpect̄ationeuocemclamorisextollēsincelum.	ꝙͣ longa fraco expect̄atione uocem clamoris extollēs in celum .
Emitteinqͥt	Emitte inqͥt
manumtuādealto.hocestfilium	manum tuā de alto . hoc est filium
tuumdepaternitatistue	tuum de paternitatis tue
eccedesideriaꝓpħarumcompletasunt.data	ecce desideria ꝓpħarum completa sunt . data
estsummagaudioꝝ.adquos	est summa gaudioꝝ . ad quos
xp̄cuenit:īmo	xp̄c uenit : īmo
utueri᷒dix̄im.uenitpropternos.Propt̄nos	ut ueri᷒ dix̄im . uenit propter nos . Propt̄ nos
.⁊hostia	.⁊ hostia
factusꝓpecc̄o.Sz	factus ꝓpecc̄o . Sz
attendehomoqualemteinuenit.quampureaddictumseruituti	attende homo qualem te inuenit . quam pure addictum seruituti
.quaningratumcollatis	. quan ingratum collatis
beneficiis.⁊uixmirarisufficies.quodtamuilis	beneficiis .⁊ uix mirari sufficies . quod tam uilis
reiitamabiectatalemactm̄meruerit	rei itam abiecta talem ac tm̄ meruerit
redemptorem.Qiisenimtuāconsiderans	redemptorem . Qiis enim tuā considerans
subdidisti.⁊in	subdidisti .⁊ in
spontaneamtedeiciensmiseriam.	spontaneam te deiciens miseriam .
feliciteruiuere.	feliciter uiuere .
tͥabonatͥꝓposueratꝑmum.īnocentiamꝮditionis	tͥa bona tͥ ꝓposuerat ꝑmum . īnocentiam Ꝯditionis
.scð.locumuoluptatis.Gertium.beatudinemec̄mitatis	. scð . locum uoluptatis . Gertium . beatudinem ec̄mitatis
.Huopͥmacontuleratinre.aliquoegens	. Huo pͥma contulerat in re . aliquo egens
adeotusrecetleres.Cercium	adeo tus recetleres . Cercium
uͭ:Ꝯtuleraeīspeutꝑmagnitudinemreiꝓmisse	uͭ : Ꝯtulerae īspe ut ꝑ magnitudinem rei ꝓmisse
furmiuseiadhereres.Sz	furmius ei ad hereres . Sz
ecceadanubies?dn̄eimqͣtauduuocencuiam	ecce adan ubi es ? dn̄e imqͣt audu uocen cuiam
.i.abilla	. i . ab illa
iinocentieuestespoliat᷑᷒.	iinocentie ueste spoliat᷑᷒ .
intantainiquitatisfecemtedemersistiutiuxinrminisse	in tanta iniquitatis fecem te de mersisti ut iux inrminisse
possis.quanbenignacircate	possis . quan benigna circa te
extit̄itliberalitastui	extit̄it liberalitas tui
infirmitates.ꝑicƚ.foris.pestilentieirruentesdesuꝑ	infirmitates . ꝑicƚ . foris . pestilentie irruentes desuꝑ
.defetusmortalitatis.⁊adultimumexpectatiomortis	. defetus mortalitatis .⁊ ad ultimum expectatio mortis
.Postomnia	. Post omnia
ip̄abeatitudo	ip̄a beatitudo
ꝓmissainsuꝑliciumeratꝮmutanda.nisiquiamiscðia⁊	ꝓmissa insuꝑlicium erat Ꝯmutanda . nisi quia miscðia ⁊
ūitasobiuaueruntꝙͥ.⁊temꝑeꝓpitiationisīminentiiusticia	ūitas obiuauerunt ꝙͥ .⁊ temꝑe ꝓpitiationis īminenti iusticia
.ūitateapparentesicundumꝓmissumdei	. ūitate apparente sicundum ꝓmissum dei
subsecutaestmiscđiadelibatione	subsecuta est miscđia delibatione
peccatoris.siciiusticia.⁊	peccatoris . sici iusticia .⁊
sublatoparietemiiiciciarumquieratinterip̄m̄⁊dm̄deo	sublato pariete miiiciciarum qui erat inter ip̄m̄ ⁊ dm̄ deo
estreconciliatus.Viniens	est reconciliatus . Viniens
ꝙͣredemptornr̄infirmitatesnrassanare	ꝙͣ redemptor nr̄ infirmitates nras sanare
.triasecummedicinaliadeculit.s.	. tria secum medicinali adeculit . s .
.fuitenim.qͣiunguentum	. fuit enim . qͣi unguen tum
suꝑpositumuuln̄i.ūbum	suꝑ positum uuln̄i . ūbum
attendemat̄iam.	attende mat̄iam .
Aitifexenīfuiteiussp̄ssc̄s.apothecabeatade	Aitifex enī fuit eius sp̄s sc̄s . apotheca beata de
assumptenat᷑e	assumpte nat᷑e
.qn̄dictumestmarie	. qn̄ dictum est marie
abangelo.Sp̄csc̄ssuꝑueniet	ab angelo . Sp̄c sc̄s suꝑ ueniet
ince⁊uirtusaltissimi	in ce ⁊ uirtus altissimi
unguentiemor	unguentiem or
.ufecitqͣnafiliusdei	. u fecit qͣna filius dei
suscepit.totumqerathōis.	suscepit . totumq erat hōis .
assumprenatͣeplentiidodiuinitatiscorporaliēseinfudit.Miror	assumpre natͣe plentiido diuinitatis corporaliē se infudit . Miror
hec.odorem	hec . odorem
.dulcorem⁊liquorē.	. dulcorem ⁊ liquorē .
Odreenimhui᷒unguentihominesnat᷑alislegisretiratisunt.	Odre enim hui᷒ unguenti homines nat᷑alis legis retirati sunt .
qꝛxp̄inascit͛	qꝛ xp̄i nascit͛
adhuelongepositi.solafide.	ad hue longe positi . sola fide .
deuotione.qͣiodorequodamdelonge	deuotione . qͣi odore quodam de longe
huiusunguentihominesscͥptilegisdelectati	huius unguenti homines scͥpti legis delectati
sunt.qui	sunt . qui
qiͣinlinnenascentis	qiͣ in linne nascentis
xp̄ipositi.suauitatemsomisionisinlege⁊ꝓpħis	xp̄i positi . suauitatem somisionis in lege ⁊ ꝓpħis
.liquoreuhuiusunguenti	. liquore u huius unguenti
sanatisunthominesgr̄ēquibzn̄	sanati sunt homines gr̄ē quibz n̄
solūxp̄ccorporalit̄exhibit᷒est.szetiamsacram̄ris	solū xp̄c corporalit̄ exhibit᷒ est . sz etiam sacram̄ris
quedelatere	que de latere
eiuseffluxert̄salubriterꝑfusisunt.utpote	eius effluxert̄ salubriter ꝑfusi sunt . ut pote
bap̄ateadscīficationem.cet͛isadꝮfirmationē	bap̄ate ad scīficationem . cet͛is ad Ꝯfirmationē
ħēillua	ħē illua
ungrientūꝙalabastrorepositummulierpeccatxeffuditsupercaput	ungrientū ꝙ alabastro reposi tum mulier peccatx effudit super caput
odore.unguenti.Siqͥdemungueimī	odore . unguenti . Siqͥdem ungueim ī
alabastrorepositunūbum	alabastro repositun ūbum
carniunitumfuit.Sfratoalabastro.i.	carni unitum fuit . S frato alabastro . i .
xp̄ihumanitate	xp̄i humanitate
ꝑpassionemꝮsūmatamulierpeccatrixunguentum	ꝑ passionem Ꝯsūmata mulier peccatrix unguentum
suꝑcaputihueffudit.quandoeccƚa	suꝑ caput ihu effudit . quando eccƚa
pͥuspeccatorumsordibzfedaita.	pͥus peccatorum sordibz fedaita .
szinsangumemundata.fidemūbi	sz in sangume mundata . fidem ūbi
inearnatideopat͛obculit.Caput	inearnati deo pat͛ obculit . Caput
enimxp̄i:deusesisicutdicit	enim xp̄i : deus esi sicut dicit
apƚs.Domus	apƚs . Domus
uͦeccƚerepletaestexodoreunguenti.	uͦ eccƚere pleta est ex odore unguenti .
suꝑomīanecc̄ium.sn̄quonec	suꝑ omīa necc̄ium . sn̄ quo nec
uulueranrācurari.necꝮmep̄uaricationis	uuluera nrā curari . nec Ꝯme p̄uaricationis
enimqualicasmorbiquiꝑpͥmuimhoīemsuꝑnos	enim qualicas morbi qui ꝑ pͥmuim hoīem suꝑ nos
uenetat.aliamuammedicine	uenetat . aliam uam medicine
iideturpotiusseadmittere.quamꝑacarnationē	ii detur potiusse admittere . quam ꝑ acarnationē
ūbi.quiasidebite	ūbi . quia si debite
ccssicnonisaocupam.Itclitio.Ꝯgruum	ccssicnonis ao cupam . It clitio . Ꝯgruum
fuisseestimabit᷑abaliquo.utsicut	fuisse estimabit᷑ ab aliquo . ut sicut
homousqz	homo usqz
addmsuꝑbiendo	ad dm suꝑbiendo
estelatus:uoluitenim	est elatus : uoluit enim
essisicutdeus:itaincondigna	essi sicut deus : ita incondigna
satiffait̄ionecͥminisđsusqzadhominemfieret	satiffait̄ione cͥminis đs usqz ad hominem fieret
humiliatus.Quigͦfortealit̄ralimeren̄potuit	humiliatus . Qui gͦ forte alit̄ ralimere n̄ potuit
.potuittn̄liƀaialit̄.ut	. potuit tn̄ liƀai alit̄ . ut
soloiussu.ueleoquouoluissecmodo	solo iussu . uel eo quo uoluissec modo
captiuitatemtoƚƚet.⁊repelleretīuasorem.fuitenim	captiuitatem toƚƚet .⁊ re pelleret īuasorem . fuit enim
scͥptumest.Szḣpossibilitas	scͥptum est . Sz ḣ possibilitas
adpotentiamuƀatorismagisrespicit.qͣmad	ad potentiam uƀatoris magis respicit . qͣm ad
eqͥtatemredemptionis.utīredemptioneintelligas.⁊	eqͥ tatem redemptionis . ut īredemptione intelligas .⁊
iustamsatisfactionemdelicti.⁊p̄cium	iustam satisfactionem delicti .⁊ p̄cium
captiuitatis.Redim̄eenimēreialienatesubestimationeeqͥpollentie	captiuitatis . Redim̄e enim ē rei alienate sub estimatione eqͥpollentie
p̄tiumndareSuntadhucaliaduomedicinalia	p̄tiumn dare Sunt adhuc alia duo medicinalia
aredemptorenr̄onoƀexhibita.sudelicercanc̄iuim⁊	a redemptore nr̄o noƀ exhibita . su delicer canc̄iuim ⁊
antidoturCant͛ium:quonociuareserant᷑amaritudo	antidotur Cant͛ium : quo nociua reserant᷑ amaritudo
ēcͥbulationū	ē cͥbulationū
.utibotumuͦquodcorarauenenadat͛᷑est	. utibotum uͦ quod corara uenena dat͛᷑ est
illudsingulareui⁊crun	illud singulare ui ⁊ crun
.s.uirtus	. s . uirtus
huiuoitatis.Ista	huiuoitatis . Ista
ouoīforinamuitenoƀꝓposuitquͥan̄satis	ouo īforinam uite noƀ ꝓposuit quͥa n̄ satis
eatlibertatemreddere	eat libertatem reddere
.nͥperuite	. nͥ peruite
sc̄titatēcustodireturSz	sc̄titatē custodiretur Sz
necaliundeadpatriampaterreditusnͥinconūsatōne	nec aliunde ad patriam pater reditus nͥ in conūsatōne
Seduidemusmultosūbumīcarciatū	Sed uidemus multos ūbum īcarciatū
fideamplectentes.	fide amplectentes .
quiformā	qui formā
imitarinolunt.quibzsiostendasloca	imitari nolunt . quibz si ostendas loca
clauoꝝ.simritantmanusinlatus.eiusdicun	clauoꝝ . si mritant manus in latus . eius dicun
:cimthoma.dūsincue⁊cƚs	: cim thoma . dūs incue ⁊ cƚs
meusSiautem	meus Si autem
adpassioneseos	ad passiones eos
ānobis.sciamuiarumtuarumuolumus.	ā nobis . sciam uiarum tuarum uolumus .
Comꝑbanthocplurimistudentesduiitiis⁊honoribz	Comꝑbant hoc plurimi studentes duiitiis ⁊ honoribz
.siuescientiepoc᷒qͣmconscientie.n̄	. siue sci entie poc᷒ qͣm conscientie . n̄
netalesreputent᷑.ut	ne tales reputent᷑ . ut
honoratiuideant᷑essein	honorati uideant᷑ esse in
suntlaboresīnumeri.transmetatiot̄rarum.obsequia	sunt labores īnumeri . transmetatio t̄rarum . obsequia
principum.studiain	principum . studia in
.Szesto.puototͥomniarespondeant	. Sz esto . puoto tͥ omnia respondeant
.sicafflūensdiuitiisp̄clarus.	. sic afflūens diuitiis p̄clarus .
preditushonoribz.inhiͦgͤͣ,qͣuesoquid	preditus honoribz . inhiͦgͤͣ , qͣueso quid
finalit̄uisap̄hendere.ansalutem.ansublimitatem	finalit̄ uis ap̄hendere . an salutem . an sublimitatem
quamdiuitiis.subiectione	quam diuitiis . subiectione
:quameminentia.⁊	: quam eminen tia .⁊
uerumestilludaugiūbum.quia	uerum est illud augi ūbum . quia
frequent̄indocticelum	frequent̄ in docti celum
rapiune⁊uerba	rapi une ⁊ uerba
adinferosdescendunt.fortesublimis⁊magn᷒	ad inferos descendunt . for te sublimis ⁊ magn᷒
iusapparere.szīomnilaboretuo	ius apparere . sz īomni labore tuo
sup̄teteaspicies.quoꝝcomꝑationeqman᷒	sup̄ te te aspicies . quoꝝ comꝑatione q man᷒
intēgigantesreputaƀis.⁊uideƀisīuanumdeduxissediestuos	intē gigantes reputaƀis .⁊ uideƀis ī uanum deduxisse dies tuos
.cumtam̄uullaiacturagͣuiorsitqͣmtemꝑisvtqo	. cum tam̄ uulla iactura gͣuior sit qͣm temꝑis vtqo
Ꝯ̄aniniamiseracaptas	Ꝯ̄ aninia misera captas
īanesaures.fuinum	īanes aures . fuinum
uaporantem.qͣmsiapp̄henðisuestemhabebis	uaporantem . qͣm si app̄henðis uestem habebis
.oclmcecutientem?Quo	. oclm cecutientem ? Quo
ercimmagissc̄eꝮūsationis	ercim magis sc̄e Ꝯūsationis
uestisafficitur.quamlaboreinutili.cum	uestis afficitur . quam labore inutili . cum
homototumstudiumsuumdiuitiis⁊honoribzimpendit.uirtuti	homo totum studium suum diuitiis ⁊ honoribz impendit . uirtuti
aut̄nicħevelquomaḡpalatumratonisamarescit.quam	aut̄ nicħe vel quo maḡ palatum ratonis amarescit . quam
uoluptatibzuitecumnichilsapit	uoluptatibz uite cum nichil sapit
rationiquod	rationi quod
condiuitamorscƚi?	condiuit amor scƚi ?
qn̄effectusdilectionisquireumꝮtemplaridebuerat.crassa	qn̄ effectus dilectionis qui reum Ꝯtemplari debuerat . crassa
quadamnubeobdducit᷑	quadam nube obdducit᷑
auaricieꝑcupiditatis.Calegenushominum	auaricie ꝑ cupidi tatis . Cale genus hominum
deicaliutiumeius	dei caliutium eius
irridebant.Vnde.⁊ursisad	irridebant . Vnde .⁊ ursis ad
deuorandumtraditisunt	deuorandum traditi sunt
.Caluicitiquippehelẏsei.ēamaritudotͥbulationum.pauꝑtas	. Caluiciti quippe helẏsei . ē amaritudo tͥbulationum . pauꝑtas
.⁊humilitas	.⁊ humilitas
saluatoris.	saluatoris .
Que.puerihoceststiltiamatoreshui᷒mundi	Que . pueri hoc est stilti amatores hui᷒ mundi
irrident.vƚqͣndohocrealit̄faciunt.	irrident . vƚ qͣndo hoc realit̄ faciunt .
nolunt.vn̄.⁊ursis.i.	nolunt . vn̄ .⁊ ursis . i .
demonibzaddeuorandumtraduntur.utin	demonibz ad deuorandum traduntur . ut in
penisagnoscantpotentemꝙͣint̄risdespexirunthumilem.	penis agnoscant potentem ꝙͣ int̄ris despexirunt humilem .
vereirrisoressuitn̄imitatores.Irriderentenim	vere irrisores suit n̄ imitatores . Irriderent enim
.nisifallorreciapetri	. nisi fallor recia petri
.cenofactoriampauli	. ceno factoriam pauli
.⁊onampolliceamiohannisbaptiste.panemsubcinericiuīhelie	.⁊ onam polliceam iohannis baptiste . panem subcinericiuī helie
.nuditatemmartini.sz⁊insaniam	. nuditatem martini . sz ⁊ insaniam
reputarentip̄maselumsaluatoris.S	reputarent ip̄m aselum saluatoris . S
sifamiliarenoƀdeēētexemplū.⁊nosquifacti	si familiare noƀ de ēēt exemplū .⁊ nos qui facti
sumusrebzpauperesetiāpauꝑessp̄ucēm᷒.⁊	sumus rebz pauperes etiā pauꝑes sp̄u cēm᷒ .⁊
quodsuscepitprofessio.	quod suscepit professio .
executiooꝑistestarct᷑.Secfrequent̄uasafigulzquibzmaior	executio oꝑis testarct᷑ . Sec frequent̄ uasa figulz quibz maior
adhibetdiligentiamīꝮtumeliam	adhibet diligentiam īꝮtumeliam
ꝓdeunt.⁊	ꝓdeunt .⁊
eaquibzcureminusimpēditurfin̄itīhonorem	ea quibz cure minus impēditur fin̄it ī honorem
.⁊īmelioresusSic	.⁊ ī meliores us Sic
radiceshabeathumorem.siramui	radices habeat humorem . si ramui
.ramnos	. ramnos
Econtrariounouella	Econtrario u nouella
.ꝑfundaseamamaritudine.	. ꝑfundas eam amaritudine .
sipimgas	si pimgas
eamspinisdumdebesapponerecophinumstercoris.	eam spinis dum debes apponere cophinum stercoris .
siramusculoserumpentesrecuruos	si ramusculos erum pentes recuruos
int̄ramteneas.si	int̄ram teneas . si
paisundiqzcoartes	pais undiqz coartes
eos.neinliƀtatemaerisexurgant	eos . ne in liƀtatem aeris exurgant
estimoegoquodplantaistacuminrobureuaserittruncumī	estimo ego quod planta ista cum inrobur euaserit truncum ī
compositum.ramosretortos.folia	compositum . ramos retortos . folia
rara.floresimꝑfectos.fructumfatuumꝑducet⁊minus	rara . flores imꝑfectos . fructum fatuum ꝑducet ⁊ minus
suauemaduescendum.Nonnelegistiquia	suauem ad uescendum . Nonne legisti quia
n̄gentempropt̄locum.sediocumpropt̄gentem	n̄ gentem propt̄ locum . sed iocum propt̄ gentem
elegitdominus:Certemulierinparadisofc̄aest	elegit dominus : Certe mulier in paradiso fc̄a est
.uirextra	. uir ex tra
paradisum.tamericici᷒⁊ampliuseccauitmulierquam	paradisum . tameri cici᷒ ⁊ amplius eccauit mulier quam
uir.Phariseusquoqzsuperbzpluspeccauitin	uir . Phariseus quoqz superbz plus peccauit in
temploquammatheuspublicanusintheloneo.⁊	templo quam matheus publicanus in theloneo .⁊
iudasplusincenadominiqͣmpuellasaltat͛xinconuiuio	iudas plus in cena domini qͣm puella saltat͛x inconuiuio
herodis.Quarehoc	herodis . Quare hoc
?Rebzenimnecestariis	? Rebz enim necestariis
oecasionesꝑiculisolentadiacere.⁊exhiisqueinse	oecasiones ꝑiculi solent ad iacere .⁊ exhiis que in se
bonasunt.causisemergentibz	bona sunt . causis emergentibz
Ꝯfriiꝓdeunteuentus.Sictranquillomaride	Ꝯfrii ꝓdeunt euentus . Sic tranquillo mari de
uentisflantibzꝓsꝑis.nautemalum⁊antempnaserigunt.	uentis flantibz ꝓsꝑis . naute malum ⁊ antempnas erigunt .
cetaqzcontͣriis:ip̄auela⁊cect̄a	cetaqz contͣriis : ip̄a uela ⁊ cect̄a
nauisornamentaqueadportumduceredeuerāt.ficint	nauis ornamenta que adportum ducere de uerāt . ficint
canaufragī.nͥprouidahoccaunat.	ca naufragī . nͥ prouida hoc caunat .
mNpclauemingrediunt᷑monafiisuos	m Npclauem ingrediunt᷑ monafii suos
fecdtguƀnationis	fecdt guƀnationis
uictumcenoem.Ꝯtemptumscƚi.formampauꝑtatis.⁊	uictum cenoem . Ꝯtemptum scƚi . formam pauꝑtatis .⁊
cec̄adisciplineinstitutaassumunt.	cec̄a discipline in stituta assumunt .
portūsalutis.Szmemoriam	portū salutis . Sz memoriam
pͥstineconūsationisredeunte.qn̄qzincipiuntessiamatoresseruli	pͥstine conūsationis redeunte . qn̄qz incipiunt essi amatores seruli
.appet̄euoluptatis.honoresambire:contemꝑn̄epauꝑtacem	. appet̄e uoluptatis . honores ambire : contemꝑn̄e pauꝑtacem
cedumpauꝑes⁊despecticumxp̄uiderimetuunt	ce dum pauꝑes ⁊ despecti cum xp̄ uideri metuunt
qͥestduxineparit̄abitiuntSicolim	qͥ est dux ine parit̄ abitiunt Sic olim
porfiriusinfestissimusillexanoꝝꝑsecutor.	porfirius infestissimus ille xanoꝝ ꝑsecutor .
auditisgͥxp̄iuirtutibzq̄suitabillo	auditis gͥ xp̄i uirtutibz q̄s uit ab illo
famularisuodemone.sixp̄cbonus	famulari suo demone . si xp̄c bonus
⁊sidignus	⁊ si dignus
eētimitatione.Cui	eēt imitatio ne . Cui
ille.xp̄c	ille . xp̄c
⁊iurareꝙnonnouissethominē.	⁊ iurare ꝙ non nouisset hominē .
veraēproculdubiofalsarii	vera ē proculdubio falsarii
illiussententia.qͥatesteapƚoomnesqui	illius sententia . qͥa teste apƚo omnes qui
uoluntpieuiuereinxp̄oꝑsecutiones	uolunt pie uiuere in xp̄o ꝑsecutiones
patiunturQuidgͦ?Porfirianusuis	patiuntur Quid gͦ ? Porfirianus uis
ēē.⁊asfliensomnibzbonis.anxp̄canus⁊miseriis	ēē .⁊ asfliens omnibz bonis . an xp̄canus ⁊ miseriis
estadtempuscumxp̄omiseriascepressutassustin̄e.quia	est ad tempus cum xp̄o miserias cepressutas sustin̄e . quia
rristieuillauercet᷑in	rristieu illa uercet᷑ in
gaudium.⁊tale	gaudium .⁊ tale
gaudiumqðnemotolleta	gaudium qð nemo tollet a
te.itadico	te . ita dico
siꝓmptamenteparticepssueris	si ꝓmpta mente particeps sueris
cͥbulationum.	cͥbulationum .
Etquisesurienihabuitpiscemappositum	Et quis esurieni habuit piscem appositum
dixerim.siisquisc̄econūsationis	dixerim . si is qui sc̄e conūsationis
habituim.ginemxp̄iinduit.⁊quasi	habitu im . ginem xp̄i induit .⁊ quasi
unopdeintrauit	uno p de intrauit
ingaudiumdominisui.respiciensretrouoluptatibz	in gaudium domini sui . respiciens retro uoluptatibz
uite.⁊curisscƚaribzuelit	uite .⁊ curis scƚaribz uelit
implicariInreligiosi᷒autemideoħaffectataludentur	implicari In religiosi᷒ autem ideo ħ affectata ludentur
:quiafacileheccauere	: quia facile hec cauere
possunt.quippestatus⁊habitus	possunt . quippe status ⁊ habitus
⁊professio	⁊ professio
hiscontradicit.⁊sufficiensrerumtemꝑaliumam	his contradicit .⁊ sufficiens rerum temꝑalium am
ministiatioomnēnecēitatemtaliaaffectandiexcludit	ministiatio omnē necēitatem talia affectandi excludit
.Propt̄earespiceadcet̄amalorumgenera.uidelicetad	. Propt̄ea respice ad cet̄a malorum genera . uidelicet ad
.adeaque	. ad ea que
fiuntꝑinpotentiā.⁊econtra	fiunt ꝑ inpotentiā .⁊ econtra
adillaquefiunt	ad illa que fiunt
ꝑdeliƀationem.⁊uidebisquodaffectatamala.	ꝑ deliƀationem .⁊ uidebis quod affectata mala .
i.queexdeliƀationefiunt.	i . que ex deliƀatione fiunt .
fiuntmala.exhocleuiorasunt.qͦd	fiunt mala . exhoc leuiora sunt . qͦd
subitourgenti	subito urgenti
ipseincentormalidiaboluspropt̄uelocitatemhui᷒suggestionis	ipse incentor mali diabolus propt̄ uelocitatem hui ᷒ suggestionis
auicomꝑat᷑intalitemptatione.ut	aui comꝑat᷑ in tali temptatione . ut
ibi.Posueruntmortalia	ibi . Posuerunt mortalia
seruoꝝtuoꝝescaᷤuolatilib᷒.c.	seruoꝝ tuoꝝ escaᷤ uolatilib᷒ . c .
Eaqͦzqueꝑindiᷤcͤtionēfiunt.exhoc	Ea qͦz que ꝑindiᷤcͤtionē fiunt . ex hoc
qͦdammodoexcusant᷑.quod	qͦdam modo excusant᷑ . quod
falluntiudiciumrationis.Vident᷑enimeē	fallunt iudicium rationis . Vident᷑ enim eē
bonaszn̄sunt.u̶t̶.utsi	bona sz n̄ sunt . u̶t̶ . ut si
:⁊ꝓpt̄fraudemsuggestionisintalibz	:⁊ ꝓpt̄ fraudem suggestionis intalibz
noƀuulpesparuulas.quedemoliunt᷑uineam	noƀ uulpes paruulas . que demoliunt᷑ uineam
ꝑīpotentiamfiunt	ꝑ īpotentiam fiunt
aliqͣestattenuatioculpe.quiaadeouiolentaē	aliqͣ est attenuatio culpe . quia adeo uiolenta ē
temptatioquodn̄suppetuntiuresresistenti	temptatio quod n̄ suppetunt iures resistenti
ineduliolentisesau⁊intemptatione	in edulio lentis esau ⁊ in temptatione
mulierisilli᷒	mulieris illi᷒
fatueque	fatue que
Quantoenīmaiorēuiolentiatemptatiōis.tanto	Quanto enī maior ē uiolentia temptatiōis . tanto
minorestuoluntaspecc̄i.⁊ecͣcio.Quantominor	minor est uoluntas pecc̄i .⁊ ecͣcio . Quanto minor
esttēptationisuiolentia	est tēptationis uiolentia
estuoluntaspeccati.	est uoluntas peccati .
Propteruiolentiamautem	Propter uiolentiam autem
temptationisipsesuggestormali.	temptationis ipse suggestor mali .
aprocomꝑat᷑.--vt	apro comꝑat᷑ .-- vt
ibi.Ext̄minauiteamaperdesilua.⁊singƚarisferus	ibi . Ext̄minauit eam aper de silua .⁊ singƚaris ferus
depastus	de pastus
ēeamErgoquisusceptapauꝑtate⁊	ē eam Ergo qui suscepta pauꝑtate ⁊
humilitateimaginemxp̄iinduitquiddicturusest.si	humilitate imaginem xp̄i induit quid dicturus est . si
metalloregisimpͥmitẏmaginemherodis	metallo regis impͥmit ẏmaginem herodis
?hociudicium	? hoc iudicium
suꝑēconsilium	suꝑ ē consilium
reformareinnoƀ	reformare in noƀ
restauͬreregispec̣cuniam.ut	restauͬre regis pec̣cuniam . ut
uenienspon̄e	ueniens pon̄e
rationēcumseruissuis.cumusurisexigat	rationē cum seruis suis . cum usuris exigat
.quehebetētaciemgladiiilliusūsatilis.	. que hebetēt aciem gladii illius ūsatilis .
qͣmdiususpenditurmanusferientis.Quisenim	qͣmdiu suspenditur manus ferientis . Quis enim
nontimeatictuminsanabilem.uͥ	non timeat ictum insanabilem . uͥ
mat̄iafragilis	mat̄ia fragilis
.gladius	. gladius
ꝑcussorfortis.Optineant	ꝑcussor fortis . Optineant
gͦpreces⁊lacͥmeuͭgladi᷒eternedampnationisconūtat᷑in	gͦ preces ⁊ lacͥme uͭ gladi᷒ eterne dampnationis conūtat᷑ in
uirgịamcorreptōnis.	uirgịam correptōnis .
quesicīp̄seti	que sic ī p̄seti
corripiatfr̄sutinfuturo,faciat	corripiat fr̄s ut in futuro , faciat
heredesilliusħeclitatiqͣmīmarcesṣͨibilem⁊in	heredes illius ħeclitati qͣm ī marcesṣͨibilem ⁊ in
Ꝯtaminatāsc̄issuisꝮseruauitincelis	Ꝯtaminatā sc̄is suis Ꝯseruauit in celis
.iħexp̄c	. iħe xp̄c
&imꝑiumꝑmanetinseculseculoꝝ.Amen	& imꝑium ꝑmanet in secul seculoꝝ . Amen
đs.inegipto.mirabibliaque	đs . in egipto . mira biblia que
oꝑatusestinterracham	oꝑatus est in terra cham
terribiliain	terribilia in
marirubro.	mari rubro .
iuxtaiheremieuaticiniumnouum	iuxta iheremie uaticinium nouum
fecitdn̄ssuꝑterram.Quodnouū	fecit dn̄s suꝑ terram . Quod nouū
estinuirgine:solsticium.	est in uirgine : solsticium .
Nonloquormͦilludsolsticiumnat᷑ale.cumsoliste	Non loquor mͦ illud solsticium nat᷑ale . cum sol iste
uisibilisgradureciꝓco	uisibilis gradu reciꝓco
anoƀaūtitur	a noƀ aūtitur
.uƚadnos	. uƚ ad nos
Ꝯūtitur.	Ꝯūtitur .
nonilludsol/sticiummiracƚiquod	non illud sol / sticium miracƚi quod
adgabaon.	ad gabaon .
fc̄mest.uͥfiliisisrƚpugnātibuzsole	fc̄m est . uͥ filiis isrƚ pugnātibuz sole
defixoin/mediocelidiesduplicataest	de fixo in / medio celi dies duplicata est
.utconse/	. ut conse /
querent᷑uictoriam	querent᷑ uictoriam
dehostibz.Szilludloquorsolsticiumineffabile.quando	de hostibz . Sz illud loquor solsticium ineffabile . quando
đifilius.soliusticie	đi filius . sol iusticie
int̄minus.⁊	in t̄minus .⁊
.⁊diuinitatissuemaiestate.	.⁊ diuinitatis sue maiestate .
qͣiinunumglobumcollectainut̄umuͥginiscomꝑaliterse	qͣi in unum globum collecta in ut̄um uͥginis comꝑaliter se
insudit.Etēpͥmusolsticiumnat᷑ale.scđmmiracƚi	insudit . Et ē pͥmu solsticium nat᷑ale . scđm miracƚi
.Quoduerofcm̄estinuirgine	. Quod uero fcm̄ est in uirgine
Congruaautemfortassis	Congrua autem fortassis
similitudinein/carnationemūbi	similitudine in / carnationem ūbi
solsticiumappellaūim.qrsicutsoliste	solsticium appellaūim . qr sicut sol iste
uisibilisdicit᷑solsticiumfacere.q̄n	uisibilis dicit᷑ solsticium facere . q̄n
noƀeuicinopositusadnosampli᷒accederen̄	noƀ euicino positus ad nos ampli᷒ accedere n̄
potest.sicđifiliussoliusticiesolsticiumfecit.	potest . sic đi filius sol iusticie solsticium fecit .
quandonr̄amnat᷑amassumendo	quando nr̄am nat᷑am assumendo
usqzadeo	usqz a deo
eamsͥconiunxit.quodfc̄aunionedei⁊hominis	eam sͥ coniunxit . quod fc̄a unione dei ⁊ hominis
adip̄amampli᷒	ad ip̄am ampli᷒
appropinqͣren̄potuit.Quomͦenimamplius	appropinqͣre n̄ potuit . Quo mͦ enim amplius
fecit?Istagͦuniođi⁊	fecit ? Ista gͦ unio đi ⁊
ho/minis	ho / minis
noƀsiḡtataestilloūboiosue	noƀ siḡtata est illo ūbo iosue
qðꝓposui.Solstetit.	qð ꝓposui . Sol stetit .
inmedioceli.⁊c̄.Cumcelinom̄	in medio celi .⁊ c̄ . Cum celi nom̄
insacrapaginamultismodis	in sacra pagina multis modis
ac/cipiat᷑.hocinlocoaccipit᷑	ac / cipiat᷑ . hoc in loco accipit᷑
ꝓp̄sentieccƚia.hacsimilitudine.quiasicut	ꝓp̄senti eccƚia . hac similitudine . quia sicut
celumethe	celum ethe
reumfulget⁊ornaturuaria	reum fulget ⁊ ornatur uaria
distinctioneplanetarum⁊	distinctio ne planetarum ⁊
syderum.itap̄sensecc/lesia	syderum . ita p̄sens ecc / lesia
ornat᷑.⁊fulgetdiūsisuirtutibz.⁊/m̄itissc̄oum.unde	ornat᷑ .⁊ fulget diūsis uirtutibz .⁊/ m̄itis sc̄oum . unde
īapocalipsinominecelipresens	ī apocalipsi nomine celi presens
:iu/risc̄i	: iu / ri sc̄i
designant᷑.	de signant᷑ .
cumdicit᷑deserpenteilloantiquouidelicet	cum dicit᷑ de serpente illo antiquo uidelicet
alibi.fc̄mest	alibi . fc̄m est
silentium	silenti um
incelo.	in celo .
horaquasidimidia.	hora quasi dimidia .
Incelo.	In celo .
ħestīpresenti	ħ est ī presenti
.i.Ꝯtinuen̄potesthaberisilentiumcontemplationis.	. i . Ꝯtinue n̄ potest haberi silentium contemplationis .
p̄puariastemptationes.queanimiqͥetemimpediunt.	p̄p uarias temptationes . que animi qͥetem impediunt .
in̄dr̄.fc̄mēsilentiumincelo.	in̄ dr̄ . fc̄m ē silenti um in celo .
quasihoradimidia.quͥa⁊si	quasi hora dimidia . quͥa ⁊ si
n̄semꝑ:int̄dumtn̄sc̄aeccƚiaꝑcelestedesiđium	n̄ semꝑ : int̄dum tn̄ sc̄a eccƚia ꝑceleste desiđium
sursumeleuatur.Medium	sursum eleuatur . Medium
autēhui᷒celifuitbeatauirgomaria.	autē hui᷒ celi fuit beata uirgo maria .
.quasilimesquidammediusconstituta.	. quasi limes quidam medius constituta .
inseconcepit.qꝛcognitionissueradiosad	inse concepit . qꝛ cognitionis sue radios ad
utrumqzppƚm	utrumqz ppƚm
.i.tamiudeos	. i . tam iudeos
⁊gentilesemittetet.Estgͥsol.xp̄c.	⁊ gentiles emittetet . Est gͥ sol . xp̄c .
Celum:presens	Celum : presens
eccƚia.Me/diumceli:beatauirgo	eccƚia . Me / dium celi : beata uirgo
maria.solsticium:	maria . solsti cium :
ūbumīcarnatum.	ūbum īcarnatum .
hui᷒aūtsolisiusticie.duo	hui᷒ aūt solis iusticie . duo
signasolsticialiapossumusassignare.pͥmum:	signa solsticialia possumus assignare . pͥmum :
euam.scđmbeatamuͥginem	euam . scđm beatam uͥginem
mariam.Euapeccatrix	mariam . Eua peccatrix
:ꝑquammorsintrauitīmundum.	: ꝑquam mors intra uit ī mundum .
quefuitianuaꝑditionis.signum	que fuit ianua ꝑditionis . signum
fuitsolsticiihye	fuit solsticii hye
malis:qꝛꝑip̄am	malis : qꝛ ꝑip̄am
noctepecc̄iꝓlongata	nocte pecc̄i ꝓlongata
.soliusticieanoƀlongius	. sol iusticie a noƀ longius
.quiainip̄arediuiuoquodamcaloregr̄e.	. quia in ip̄a rediuiuo quodam calore gr̄e .
soliusticieadnosappropinquauit.Int̄hecautem	sol iusticie ad nos appropinquauit . Int̄ hec autem
beatamuirginemmariam.soliusticiequemdiximus	beatam uirginem mariam . sol iusticie quem diximus
.ꝑmundihuiuscursumpaulatim	. ꝑ mundi huius cursum paulatim
radiossuecognitionis	radios sue cognitionis
effudit.dūaliisꝑ	effudit . dū aliis ꝑ
inspirationē.aliisꝑuisiones.aliisꝑsubiectam	inspirationē . aliis ꝑ uisiones . aliis ꝑ subiectam
aliisseip̄mnotumfacituoluit.quosquehomonatus	aliis se ip̄m notum facit uoluit . quosque homo natus
exuirginemsuꝑt̄ramuisusest.⁊cum	ex uirginem suꝑ t̄ram uisus est .⁊ cum
hom̄ibconūsatusest.Solgͦstetit	hom̄ib conūsatus est . Sol gͦ stetit
inmedioce/li.	in medio ce / li .
Szquidēquodsequitur.n̄festinauitoccumberespacio	Sz quid ē quod sequitur . n̄ festinauit occumbere spacio
dieiunius?Quodlicetad	diei unius ? Quod licet ad
hẏstoriamsupramemoratam.qͣntumadlitt̄amrespiciat	hẏstoriam supra memoratam . qͣntum ad litt̄am respiciat
.nͥadgabaon	. nͥ ad gabaon
soledefixoincelo.	sole de fixo in celo .
uniusfiliisisiƚhostes	unius filiis isiƚ hostes
suosexpugnantibz	suos expugnantibz
.quodabinimicisspiri/talibz	. quod ab inimicis spiri / talibz
.modomiolent̄	. modo miolent̄
.terci᷒:timormortis.Quartus:desꝑatio	. terci᷒ : timor mortis . Quartus : desꝑatio
salutis.Quintus:ꝑitalia	salutis . Quintus : ꝑi talia
neqͥtieincelestibz.	neqͥtie in celestibz .
Sextussubtus	Sextus subtus
Primushostisagobatuttollerqtcordis	Primus hostis agobat ut tollerqt cordis
mundici/am.	mundici / am .
Sccƚs:neappirarem᷒	Sccƚs : ne appirarem᷒
adpatͥam.fereius:	ad patͥam . fereius :
minabat᷑supp̄liciumpene.	minabat᷑ supp̄licium pene .
utadeoseꝑaret	ut a deo seꝑaret
.Sextus	. Sextus
:utcaptiuosīcarceraret.Etquistamfortesadūsarios	: ut captiuos īcarceraret . Et quis tam fortes adūsarios
spaciumune᷒diei.utfacilioruictoriamoratemꝑis	spacium une᷒ diei . ut facilior uictoria mora temꝑis
ꝑueniret.	ꝑueniret .
Etfuitspaciumpͥmediei:	Et fuit spacium pͥme diei :
tempuslogis.Spaciumsaedieifuit.tempus	tempus logis . Spacium sae diei fuit . tempus
Lexsiquidemdiesfuit.	Lex siquidem dies fuit .
uniusdeidocuit.	unius dei docuit .
ostendensquiddeo.quidꝓximodeƀemus	ostendens quid deo . quid ꝓximo deƀemus
.quepenapeccatis.que	. que pena peccatis . que
remun̄atiouirtutibzreponeret᷑	remun̄atio uirtutibz reponeret᷑
.Hecaūtdiesnonfuitsufficiens	. Hec aūt dies non fuit sufficiens
adexpu/gnationemhostiumsꝑitalium	ad expu / gnationem hostium sꝑitalium
ualorthabebatuorcē	ualort habebat uorcē
p̄cpientn̄gc̄amadiuuantem.vn̄	p̄cpient n̄ gc̄am adiuuantem . vn̄
:dicapƚa.quialexneminemadꝑfectum	: dic apƚa . quia lex neminem ad ꝑfectum
exlegeuisticia	ex lege uisticia
effremintendentes	effrem intendentes
⁊mittentes	⁊ mittentes
arcumconūsisuntindiebelliQuasi	arcum conūsi sunt in die belli Quasi
diceret.filiieffrem.Hocestip̄iiudei	diceret . filii effrem . Hoc est ip̄i iudei
.utparsꝑtotoaecipiat᷑.intendentes	. ut pars ꝑ toto aecipiat᷑ . intendentes
⁊mittentes	⁊ mittentes
arcum:hocest	arcum : hoc est
preparationemqͣmdamadpugnamsiritalem.contra	preparationem qͣmdam ad pugnam si ritalem . contra
uiciafacientes.	uicia facientes .
dicentes.omīaqueiussīt	dicentes . omīa que iussīt
noƀdn̄sfa/	noƀ dn̄s fa /
ciemus.ipsiconūsisuntindiebelli.hoc	ciemus . ipsi conūsi sunt indie belli . hoc
suscitaren̄potuit.quousqzinaduentuhehẏseicaro	suscitare n̄ potuit . quo usqz in aduentu hehẏsei caro
piericalefactaspm̄	pieri calefacta spm̄
uitalemrecepit	uitalem recepit
.Da/culus	. Da / culus
quippehehẏsei.hocēlexadeopropt̄	quippe hehẏsei . hoc ē lex a deo propt̄
correctionemtransgressoꝝposita.	correctionem transgressoꝝ posita .
īaduen/tuhebẏsei.	ī aduen / tu hebẏsei .
hōiumxp̄iiħ͛u.Egrc̄am	hōium xp̄i iħ͛u . Egrc̄am
adiuuantēinflāmatum.aduiam	adiuuantē inflāmatum . ad uiam
sufficienteaduictoriamde	sufficiente ad uictoriam de
hostibz.	hostibz .
spaciumdieidupplicatumē.quandoadlegemaccessit	spacium diei dupplicatum ē . quando ad legem accessit
gr̄a.utpeimediatoremdei⁊hominūiħmxp̄m	gr̄a . ut pei mediatorem dei ⁊ hominū iħm xp̄m
hosteshumanigen̄is	hostes humani gen̄is
.hocestpeccatacum	. hoc est peccata cum
suoauctorediabolonincerem᷒.Eccefratres	suo auctore diabolo n incerem᷒ . Ecce fratres
dilectissimi.iamhehẏseusuenit.iam	dilectissimi . iam hehẏseus uenit . iam
xp̄chumanat᷒noƀcumstat	xp̄c humanat᷒ noƀ cum stat
inacie.Si	in acie . Si
deusꝓnoƀquidcontranoᷤ	deus ꝓnoƀ quid contra noᷤ
:Ergoanima	: Ergo anima
fidelis⁊deuota.fortiteipreliarebelladei	fidelis ⁊ deuota . fortitei preliare bella dei
tui.Iam	tui . Iam
n̄estquod	n̄ est quod
timeas.n̄estquodexpauescas.Nonenimsolus	timeas . n̄ est quod expauescas . Non enim solus
uenitadhancpugnam	uenit ad hanc pugnam
quinpoci᷒statmultomilitecomictusMamlectulumeiuis.	quin poci᷒ stat multo milite comictus Mam lectulum eiuis .
i.⁊caruatunismistium	i .⁊ caruatu nis mistium
seraginitafortesambiuntex	seraginita fortes ambiunt ex
⁊adbelladoctissimi.utpoteppħequi	⁊ ad bella doctissimi . ut pote ppħe qui
eumuent᷑ump̄dixerunt	eum uent᷑um p̄dixerunt
.a/postoli	. a / postoli
ꝑhibuerunt.alii	ꝑhibuerunt . ali i
miraculischorusci.aliip̄dicationeclari.omnes	miraculis chorusci . alii p̄dicatione clari . omnes
estūbumđi.Aitende	est ūbum đi . Aitende
animadeodigaquibzarmisrextuusinduit᷑.	anima deo diga quibz armis rex tuus induit᷑ .
ut⁊tusimilibzin	ut ⁊ tu similibz in
carnistectuscilicio.	carnis tectus cilicio .
humiƚ.patiens.despectus.mansuetus.	humiƚ . patiens . despectus . mansuetus .
pleu᷒coloribz.pauꝑpegrinus.Eugͦindue	pleu᷒ coloribz . pauꝑ pegrinus . Eu gͦ indue
armaturamregissiuiscenserinomine	armaturam regis si uis censeri nomine
militis.Estogpatiensin	militis . Esto g patiens in
bediendohumilis	bediendo humilis
.Inaduersitatesecu᷒apspitate	. In aduersitate secu᷒ apspitate
conuersatione.Inab/stinentiaseuerus.In	conuersatione . In ab / stinentia seuerus . In
earitateferuidus	earitate feruidus
.Calisenimestdilectus	. Calis enim est dilectus
tuusc⁊ipseeƚ⁊micustuus.Non	tuus c ⁊ ipse eƚ ⁊ micus tuus . Non
ūnttibihecinfir/madertm	ūnt tibi hec infir / ma dertm
.Eccasioscandali.quedebeutEecausasalutis	. Eccasio scandali . que debeut Ee causa salutis
quieius	qui eius
qͥexclamauerūtdicentes.nonhabemus	qͥ exclamauerūt dicentes . non habemus
regemnisice	regem nisi ce
/sarem.qui	/ sarem . qui
.panꝑi⁊egenostudidhu/manitatisimpende.	. panꝑi ⁊ egeno studidhu / manitatis impende .
Omniaenimis/taptesuscepit.	Omnia enim is / ta pte suscepit .
nonꝓse.Ꝓteadhanc	non ꝓ se . Ꝓ te ad hanc
/pugnamuenit.īmoprote:inhacpu	/ pugnam uenit . īmo prote : in hac pu
/naoccubrut.Quareoccubuit?quiadiuino	/ na occubrut . Quare occubuit ? quia diuino
oraculosīcp̄codinatumfūat.ut	or aculo sīc p̄codinatum fūat . ut
illeex̄citusiunceret	ille ex̄citus iunceret
.cuiusduxintellopͥmooccumƀet	. cuius dux in tello pͥmo occumƀet
.sn̄sicutđicitscͥp	. sn̄ sicut đicit scͥp
/a.nonfestinauitoccumƀespaciotctaitisutei.	/ a . non festinauit occumƀe spacio tctait isutei .
quiaūptius	quia ū ptius
suseeputmortissupplicium.qͣm	suseeput mortis supplicium . qͣm
nr̄ereparationissacramentaconsūmaret	nr̄e reparationis sacramenta consūmaret
.Vndeincrucepositusdixit.consūmatumest.	. Vnde incruce positus dixit . consūmatum est .
vtautem	vt autem
hancpugnam	hanc pugnam
eariuidemus.quibelliimpetuīmi/nente	eari uidemus . qui belli impetu īmi / nente
tanqͣmdesides.⁊ignaui.abex̄/citudominiseꝑant᷑	tanqͣm desides .⁊ ignaui . abex̄ / citu domini seꝑant᷑
.Sicenim	. Sic enim
inlegemoꝑsiprecipitur.ut	in lege moꝑsi precipitur . ut
pugnaimminentemfiliisisrƚ.formidolosi.	pugna imminentem filiis isrƚ . formidolosi .
ixco/res	ixco / res
ducentes.aificantes	ducentes . aificantes
quidumueniunt	qui dum ueniunt
pugnatͣicontrauicia.ꝑuigilias.ꝑieiunia	pugnatͣi contra uicia . ꝑuigilias . ꝑieiunia
uamencorporis.occasionesinfirmitatis.⁊	uamen corporis . occasiones infirmitatis .⁊
molestiascor/	molestias cor /
ꝓpositodeficientes.nichilnirtuosumattemp	ꝓposito deficientes . nichil nirtuosum attemp
tarep̄sumunt.Szdeiumentoquodinopusdm̄	tare p̄sumunt . Sz de iumento quod in opus dm̄
suicondixxerunt.	sui condixxerunt .
.utmercedem.diuruioꝑis	. ut mercedem . di urui oꝑis
accipiant.⁊opus	accipiant .⁊ opus
Quisenimmercenari᷒	Quis enim mercenari᷒
bouemuƚasinumpatͥfamiliasdespondeat.⁊n̄	bouem uƚ asinum patͥfamilias despondeat .⁊ n̄
desudanteanimali.p̄taxatammetcedemexpectet	de sudante animali . p̄taxatam met cedem expectet
:Eccenosmiserima/numadaratrūmisimus	: Ecce nos miseri ma / num adaratrū misimus
nrm̄.hocestcorpus	nrm̄ . hoc est corpus
pauꝑum.depeccatismortu/oꝝ.ut	pauꝑum . de peccatis mortu / oꝝ . ut
nr̄īsspiritalibz	nr̄īs spiritalibz
carnaliaeoꝝr̄ecompensemns.cumtamensimustepentesī	carnalia eoꝝ r̄ecompensemns . cum tamen simus tepentes ī
orōe.desidesīoꝑe.īuigiliispigri	orōe . desides ī oꝑe . ī uigilii spi gri
nepronoƀ	ne pro noƀ
dicat᷑illuderechielisquodsubiungit᷑.vidi	dicat᷑ illud erechielis quod subiungit᷑ . vidi
inqͥ⁊ecceinhostiotempli	inqͥ ⁊ ecce in hostio templi
itēuestibulumlaltare	itē uestibulum laltare
.⁊faciesadouentē.⁊	.⁊ facies adouentē .⁊
adorabantadortumsolis	ad orabant ad ortum solis
.ꝑhos.xxv.uirosree	. ꝑhos . xxv . uiros ree
/tepussillanimes⁊ignauifigurautur.qͥdumneqz	/ te pussillanimes ⁊ ignaui figurautur . qͥ dum neqz
corporissa/	corporis sa /
crificiumbonioꝑisofferuut:	crificium boni oꝑis offeruut :
Quasiint᷒templum⁊altarepositiociososse	Quasi int᷒ templum ⁊ altare positi ociosos se
.Vnde:congrue	. Vnde : congrue
dehisdicit᷑qͣa	dehis dicit᷑ qͣa
habeantdorsacontratemplum⁊facies	habeant dorsa contra templum ⁊ facies
.adorientem.qꝛ	. ad orientem . qꝛ
disciplinamhumiliatamentesusciperenolunt.⁊	disciplinam humiliata mente suscipere nolunt .⁊
tamenꝮsolationisqueꝑorientemsiḡcaturparticipescēuolunt.	tamen Ꝯsolationis que ꝑ orientem siḡcatur participes cē uolunt .
Indeestquodad	Inde est quod ad
.solisadorareestinbeneficiis	. solis adorare est in beneficiis
⁊consolationibzdeogr̄asagere	⁊ consolationibz deo gr̄as agere
.vnde:dicit᷑	. vnde : dicit᷑
.Confitebit᷑ribicumbenefe/cerisei.	. Confitebit᷑ ribi cum benefe / ceris ei .
Ethecdeformidolosis.samꝑeos	Et hec deformidolosis . samꝑ eos
quiabellodominiseparant᷑.eoq	qui a bello domini separant᷑ . eo q
uxcresdueant.significant᷑licurie	uxcres dueant . significant᷑ licurie
dediti.que	de diti . que
etiamsapientesinfatuat.fortes	etiam sapientes infatuat . fortes
ꝓffuit.erectosincuruat.sublimēdeicit	ꝓffuit . erectos incuruat . sublimē deicit
.Qiusgͦtante	. Qius gͦ tante
pestisn̄caueatinsidias.Qiuseiusdolis	pestis n̄ caueat insidias . Qius eius dolis
iobhiiqui	iob hii qui
seruuuitei.hoc	seruuuit ei . hoc
estuiti	est uiti
sc̄isunt	sc̄i sunt
instabiles.⁊inangelissuisreppecitprauitatem.	instabiles .⁊ in angelis suis reppecit prauitatem .
qͣtomagis	qͣ to magis
nosquiinhabitam᷒domoslu/teas.⁊	nos qui inhabitam᷒ domos lu / teas .⁊
t̄renumgerim᷒	t̄renum gerim᷒
est.quod	est . quod
⁊sinonsemꝑp̄ualetdum	⁊ si non semꝑ p̄ualet dum
suggerit.inēdumtamenloci⁊temporisoportunitate	suggerit . in ē dum tamen loci ⁊ temporis oportunitate
seducre.Sic̄olimsẏchenfiliusemorindina.	seducre . Sic̄ olim sẏchen filius e mor indina .
Dauidiubersabee.Senes	Dauid iubersabee . Senes
babilonis.īusanna.	babilonis . īusanna .
holofernessiu/	holo fernes siu /
dith:eaptiisoccubiut.	dith : eaptiis occubiut .
nͥcōcu/piscendioccasioeiuicinoposita	nͥ cōcu / piscendi occasio eiuicino posita
seoptulisset.Aitende	se optulisset . Aitende
gͦqͣmsitfiliabilonis.i.carnis	gͦ qͣm sit filia bilonis . i . carnis
conditiomisemutpoteneccīomorit᷑auicturabre/uui	conditio misem ut pote neccīo morit᷑a uictura bre / uui
.eustossepulē.	. eustos sepulē .
sociamlaūmibz	sociamla ūmibz
.⁊n̄misciƚiterliƀatafuerit?īet̄num	.⁊ n̄ misciƚiter liƀata fuerit ? ī et̄num
ꝑitͥa.vtgͦliberem᷑abhacseruitute	ꝑitͥa . vt gͦ liberem᷑ ab hac seruitute
misera:sacrescͥptureregamurmagistio.q̄	misera : sacre scͥpture regamur magistio . q̄
amatorēsuum	amatorē suum
eumpͥmoꝑdisciplinaminstruitīhabitu⁊	eum pͥmo ꝑdisciplinam instruit ī habitu ⁊
gestucorporis.Scđo	gestu corporis . Scđo
:ꝑsc̄īamin/agendis	: ꝑsc̄īam in / agendis
.Tercio:ꝑprudentiam	. Tercio : ꝑ prudentiam
īmon/bz.Quarto	ī mon / bz . Quarto
:ꝑsapientiamīcelestibz.siuein	: ꝑsapientiam ī celestibz . siue in
contemplationecelestium	contemplatione celestium
.Dume/nimhomo.pͥmo	. Dum e / nim homo . pͥmo
aūtitocƚossuosnenideantuanitatē.n̄exaltat	aūtit ocƚos suos ne nideant uanitatē . n̄ exaltat
inrisuuocemsuam.n̄loquit᷑scurriliaqͣ̄ad	in risu uocem suam . n̄ loquit᷑ scurrilia qͣ̄ ad
remn̄ꝑtinent.neqzfeitpedem	rem n̄ ꝑtinent . neqz feit pedem
qͥnonlicet.iamꝑdisciplinābone	qͥ non licet . iam ꝑdisciplinā bone
religioniestassecutus.Postmodum	religioni est assecutus . Post modum
cumīoꝑibz.	cum ī oꝑibz .
siuerebzagendis.inuenit᷑sollicit᷒impiger:	siue rebz agendis . inuenit᷑ sollicit᷒ impiger :
circumspect᷒.caut᷒.ꝓuidusiammagistrantescīa	circumspect᷒ . caut᷒ . ꝓuidus iam magistrante scīa
placenteaquedixi.paulatim	placent ea que dixi . paulatim
incipitconscīapur/garia	incipit conscīa pur / gari a
incipituututibz⁊bonismoribQuarto	incipit uututibz ⁊ bonis morib Quarto
.parumesteiabstin̄e	. parum est ei abstin̄e
auitiis.izꝑsuauitatemdiuine	a uitiis . iz ꝑsua uitatem diuine
sapientie.incipitsaꝑeea	sapientie . incipit saꝑe ea
quedeisunt.utiocundumsit	que dei sunt . ut iocundum sit
/hereredeobonumest.ponere	/ herere deo bonum est . ponere
īdn̄odoo	ī dn̄o doo
spemmeam.Hec̄sunt.iͦͦi.	spem meam . Hec̄ sunt . iͦͦi .
suuminformiat.⁊sursumeuehit.docens	suum informiat .⁊ sursum euehit . docens
eumcopussuum	eum copus suum
offerrehostiamsq̄amui/uentemdeoplacentem.⁊ī	offerre hostiam sq̄am ui / uentem deo placentem .⁊ ī
macula/tumsecustodireabhoc	macula / tum se custodire ab hoc
seculo.Dequibz	seculo . De quibz
inꝓpħadr̄.quiacumeleuarenturanimalia	inꝓpħa dr̄ . quia cum eleuarentur animalia
eleuabant᷑⁊rotiparitiriuxtailla.Qmppesc̄	eleuabant᷑ ⁊ roti paritir iuxta illa . Qmppe sc̄
uiri.non	uiri . non
aliterꝑcelestiadesideriaaddm̄respicūt.nisihecuitutum	aliter ꝑcelestia desideria ad dm̄ respicūt . nisi hec uitutum
ꝓsecuta.Pt̄cium	ꝓsecuta . Pt̄cium
genushominū.qͥabeliidominiseꝑant᷑.eo	genus hominū . qͥ ab elii domini seꝑant᷑ . eo
qðdomos	qð domos
faciuntīmariuiā.circueuntterras.faciunt	faciunt ī mari uiā . circueunt terras . faciunt
diuitias⁊n̄ī/iudicio.t̄minumcopulantad	diuitias ⁊ n̄ ī / iudicio . t̄minum copulant ad
ram.Szquidnobis	ram . Sz quid nobis
curiositatismaluminnoƀmetipsisīuenim᷒.⁊tantoꝑicu	curiositatis malum in noƀ met ipsis īuenim᷒ .⁊ tanto ꝑicu
/losiusquoampliusalioꝝfacta.ƚ	/ losius quo amplius alioꝝ facta . ƚ
dcā.magisquamnr̄adiscutimus?	dcā . magis quam nr̄a discutimus ?
Quisenimnr̄mdescip̄oa	Quis enim nr̄m de sc ip̄o a
qͣmoportet.	qͣm oportet .
ibiplusdīpensationis?	ibi plus dīpensationis ?
uitamqutereittio.dum	uitam qutereittio . dum
pleniusindagare	plenius in dagare
uolumusqueabaliisfieint.fingendoeaquen̄	uolumus que ab aliis fieint . fingendo ea que n̄
eueniunt.īdetractionisuitiump̄ciptamur.Inquitenīalē	eueniunt . ī detractionis uitium p̄ciptamur . Inquit enī alē
/uisti.qͥðille	/ uisti . qͥð ille
loquit᷑insilentio.quida/git	loquit᷑ in silentio . quid a / git
īocculto.qualisestīincesiuqualisinhabitu	ī occulto . qualis est ī incesiu qualis inhabitu
?Verumptam̄occultumteneasdonecregmelius	? Verumptam̄ occultum teneas donec reg melius
e᷒inet̄niregis	e᷒ inet̄ni regis
palatioom̄ibinnotint.plangunt	palatio om̄ib innotint . plangunt
eumcherubinq	eum cherubin q
iniusteestudistiQuitibipotesteēanimi	in iuste estudisti Qui tibi potest eē animi
rectasapienti.qn̄frat̄tuushocmeditat᷑	recta sapienti . qn̄ frat̄ tuus hoc meditat᷑
inoratione.	in oratione .
hocinlectionehocinopereimoubiqzlocoꝝgemite	hoc in lectione hoc in opere imo ubiqz locoꝝ gemite
cruentusuuln̄e.quodtu:iusteeiinflixsti	cruentus uuln̄e . quod tu : iuste ei inflixsti
?Oconsummata	? O consummata
religio.quesūmamsieꝑfecc̄ionis	religio . que sūmam si e ꝑfecc̄ionis
Ꝯstituitindetractionealieneuirtutis	Ꝯstituit in detractione aliene uirtutis
.Dicisforteqꝛ	. Dicis forte qꝛ
uirspūalises	uir spūalis es
qͥomīaiudicas.⁊	qͥ omīa iudicas .⁊
anemimeiudicatis	anemime iudicatis
Etegotͥsn̄tuiiuditio	Et ego tͥ sn̄ tui iuditio
illiusethniciūsiculorespondebo	illius ethnici ūsiculo respondebo
.quiaomne	. quia omne
animiui	animi ui
/tiumtantoꝮspectiusinsecͥmenhabet.qͣntomaior	/ tium tanto Ꝯspectius inse cͥmen habet . qͣnto maior
quipeccathabet᷑.Demumsi	qui peccat habet᷑ . Demum si
sꝑitalises.⁊Ꝯtemplatiuus.SiꝮtēplatiuus	sꝑitalis es .⁊ Ꝯtemplatiuus . Si Ꝯtēplatiuus
Nonindignerisꝙͥsiteinterrogo	Non indigneris ꝙͥ site interrogo
quiduides?Nisiuisustuusfallitur.dlices	quid uides ? Nisi uisus tuus fallitur . dlices
.ꝛhumilita/tem.mansuetudinem.	. ꝛ humilita / tem . mansuetudinem .
.flecteocƚmadtepp̄m.	. flecte ocƚm ad te pp̄m .
intequiduides?isi	inte quid uides ? isi
teip̄maccussare	te ip̄m accussare
erubescis.Dicesqꝛsuꝑbiam.īpaciam.insuauita	erubescis . Dices qꝛ suꝑbiam . īpaciam . insuauita
/tem.dissidentiamadomnes.Recto	/ tem . dissidentiam ad omnes . Recto
gͣususconsilioteip̄m̄pͥmolocorep̄hendit.Imnmo	gͣ usus consilio teip̄m̄ pͥmo loco rep̄hendit . Imnmo
siiuistuses	si iuistus es
.inp̄ncipio	. inp̄ncipio
accu/sator	accu / sator
estui.sicutqͣndam	es tui . sicut qͣndam
suainfirmaītuens⁊accusansexclmauitdicens.Auditu	sua infirma ītuens ⁊ accusans exclmauit dicens . Auditu
auris⁊uduute.nuneautemocƚsmeus	auris ⁊ uduu te . nune autem ocƚs meus
uidetteidcir	uidet te idcir
/coipse	/ co ipse
ꝑtueuoluntatiscognitionē.nuncautemocƚs	ꝑtue uoluntatis cognitionē . nunc autem ocƚs
meusuuidetteꝑītisꝮtemplationem.⁊quiauideote	meus uuidet te ꝑītis Ꝯtemplationem .⁊ quia uideo te
:icc̄ciip̄emerep̄hendo.Meinquit.n̄	: icc̄ci ip̄e me rep̄hendo . Me inquit . n̄
tefienimom̄isiuirspirituaƚ.quanto	te fi enim om̄is iuir spirituaƚ . quanto
magisaddm̄acceclit	magis ad dm̄ acceclit
.tantomagisquid	. tanto magis quid
sitexseanteocƚosstatuit.quoampli᷒	sit exse ante ocƚos statuit . quo ampli᷒
seꝑgr̄āmilluminatūrecognoscit.Histamen	se ꝑ gr̄ām illuminatū recognoscit . His tamen
om̄ibzquedixi.n̄dampnotelumreligionis.qui	om̄ibz que dixi . n̄ dampno telum religionis . qui
abomnibzbonis⁊amandus	abomnibz bonis ⁊ amandus
.⁊tenendu᷒ē.sz	.⁊ tenendu᷒ ē . sz
liuoremdetractionis.Quiaergofratres	liuorem detractionis . Quia ergo fratres
dilectissiminoncoronaturnisiquiloonttime	dilectissimi non coronatur nisi qui loonttime
dolosusuiitutem.carnalispudiciciam.cu/riosus	dolosus uiitutem . carnalis pudiciciam . cu / riosus
animiqͣetem.⁊conūsationembonamhabentesincaritateđi.⁊	animi qͣetem .⁊ conūsationem bonam habentes in caritate đi .⁊
pacientiaxp̄iinimicis	paci entia xp̄i inimicis
armoꝝ.szuir/tutibz	armoꝝ . sz uir / tutibz
⁊bonisoꝑibzoportet	⁊ bonis oꝑibz oportet
expugnari.fortis	expugnari . fortis
qͥdempugna.szmagnauicto/rierepomunturp̄mia	qͥdem pugna . sz magna uicto / rie repomuntur p̄mia
.ubiluctusī	. ubi luctus ī
gau/dium	gau / dium
.laborinqͥetem.pauꝑtas	. labor inqͥetem . pauꝑtas
inat/fluentiam.miseriaī	inat / fluentiam . miseria ī
iocunditatem.mortalitasīetͣ̄nitatem	iocunditatem . mortalitas ī etͣ̄nitatem
deicumillis.Pari	dei cum illis . Pari
gͦdesiđio.potounanimistudeamusregi	gͦ desiđio . poto unanimi studeamus regi
nr̄omilitare.	nr̄o militare .
quiqͣmuisinaduentusuohumilitribulationis	qui qͣmuis in aduentu suo humili tribulationis
nosfaciatparticipes.insecundoaduentucumuen̄it	nos faciat participes . in secundo ad uentu cum uen̄it
īma/iestatesuneumangeƚsuis:	ī ma / iestate sun eum angeƚ suis :
facietħedes.quonoꝮduceredigneturipscrexnr̄	faciet ħedes . quo no Ꝯducere dignetur ipsc rex nr̄
dn̄siħcxp̄c	dn̄s iħc xp̄c
dominusn̄r.cuiusregnum⁊	dominus n̄r . cuius regnum ⁊
im/periumꝑmanetinseculaseculorum.Amen.	im / perium ꝑmanet in secula seculorum . Amen .
Attenditeuoƀ⁊uniūsoInlinodogregiinquouos	Attendite uoƀ ⁊ uniūso In linodo gregi in quo uos
sp̄csēsposuitep̄os	sp̄c sēs posuit ep̄os
.gereeccƚiamdeiqͣmadquisitutsanguinesuo	. gere eccƚiam dei qͣm adquisitut sanguine suo
.Cerretmelatebraconscientiemee.	. Cerret me latebra conscientie mee .
enarrasiusticiasmeas	enarras iusticias meas
.Scioquodn̄estspeciosalaus	. Scio quod n̄ est speciosa laus
inorepeccatori᷒.Scioꝙbestiaquemontētetigit	in ore peccatori᷒ . Scio ꝙ bestia que montē tetigit
lapida/bitur.vere	lapida / bitur . vere
bestiamontemcangitcūpec̄c̄or	bestia montem cangit cū pec̄c̄or
inmundusineminentiāpredicationisas/cendit.	in mundus ineminentiā predicationis as / cendit .
Scioꝙineccƚiasticolegitur	Scio ꝙ in eccƚiastico legitur
.Au/rumtuim⁊argentūtuūconfla	. Au / rum tuim ⁊ argentū tuū confla
.⁊facitouerbis	.⁊ facito uerbis
tuisstat̄am.Aurum⁊argentum	tuis stat̄am . Aurum ⁊ argentum
conflare.ēsap̄iamexhortationiꝮuinḡe.	conflare . ē sap̄iam exhortationi Ꝯuinḡe .
utsitcanticumpsalmi	ut sit canticum psalmi
.filiischorce.ec	. filiis chorce . ec
/bissuis	/ bis suis
stat̄amfacit.quip̄dicationisuebeneuiuendopondusadicit	stat̄am facit . qui p̄dicationi sue bene uiuendo pondus adicit
.paruienīponderisestpredicatio	. parui enī ponderis est predicatio
qͣmbona	qͣm bona
n̄com/mendat	n̄ com / mendat
oꝑatio.Szquon᷒iaurum⁊argen	oꝑatio . Sz quon᷒i aurum ⁊ argen
/tumconfsarepossim:n̄	/ tum confsare possim : n̄
uideo.fateor	uideo . fateor
enīquodargentumeloquentieet	enī quod argentum eloquentie et
aurumsap̄ienonēmichi.tam̄indomino	aurum sap̄ie non ē michi . tam̄ in domino
confidensetsperanscumignitūsiteloqͥūdm̄i.qð	confidens et sperans cum ignitū sit eloqͥūdm̄i . qð
loquentemaccendat.quodhabeoħuobdo.Aitendite	loquentem accendat . quod habeo ħ uob do . Aitendite
uoƀetuniūsogregi.Sinactibzapƚoꝝ	uoƀ et uniūso gregi . S in actibz apƚoꝝ
recessurus:eoshac	recessurus : eos hac
ehortationequeuobisrecitataest	e hortatione que uobis recitata est
exhortauit.scitisquodnouissimedīmensauidi᷒excipit	ex hortauit . scitis quod nouissime dī mens auidi᷒ excipit
⁊memorietenaciimpͥmit.Sicut	⁊ memorie tenaci impͥmit . Sicut
ephesiis.ica⁊uoƀpot᷒salutaris-de	ephesiis . ica ⁊ uoƀ pot᷒ salutaris - de
uaseꝓpinanat᷑electiōisQuodenimillis:ḣ⁊uoƀ	uase ꝓpinanat᷑ electiōis Quod enim illis : ḣ ⁊ uoƀ
dicitapƚiAitenditeuoƀ⁊c̄.t	dicit apƚi Aitendite uoƀ ⁊ c̄ . t
testaturūitasineuangƚio.cuimultumdatumē	testatur ūitas in euangƚio . cui multum datum ē
multūabeoqueret᷑.vosgͥ	multū ab eo queret᷑ . vos gͥ
quibzdominicigregiscuracōmipea	quibz dominici gregis cura cōmipea
est:ordinis	est : ordinis
ur̄ip̄rogatiuamattendite.tre	ur̄i p̄rogatiuam attendite . tre
/mendum	/ mendum
oculosponite.Sͦcumppħa	oculos ponite . Sͦ cum ppħa
dicerepossitis.atimoretuodomine	dicere possitis . a timore tuo domine
⁊peꝑimussp̄msalutisde/disti	⁊ peꝑimus sp̄m salutis de / disti
dn̄emetuentibztesignificationēutfugiant᷑	dn̄e metuentibz te significationē ut fugiant᷑
arcus.Incuciatuobistimorem	arcus . Incuciat uobis timorem
Prebeteauresuos	Prebete aures uos
placetisuobisinturbisnationū	placetis uobis in turbis nationū
.qm̄dataestuoƀpotestasa	. qm̄ data est uoƀ potestas a
domu⁊icirtusabaltissimoquiinterrog	domu ⁊ icirtus ab altissimo qui interrog
oꝑaur̄a⁊	oꝑa ur̄a ⁊
cogetationesscrutabituiipaulopostsequituruerbumhorribile.⁊horrendum	cogetationes scrutabitui i paulo post sequitur uerbum horribile .⁊ horrendum
.⁊citoapparebit	.⁊ cito apparebit
uoƀqmiudiciumdurissimumhiis	uoƀ qm iudicium durissimum hiis
qͥpresuntfient.Exiguoenīconcedit᷑mīa	qͥ presunt fient . Exiguo enī concedit᷑ mīa
.potentesautempotent̄pacient̄corm̄ta.⁊forcioribz	. potentes autem potent̄ pacient̄ corm̄ta .⁊ forcioribz
fortciorīst	fortcior īst
cruciatus.Qusadeosecurusquen	cruciatus . Qus a deo securus quen
istacominatio	ista cominatio
n̄terreat?Quis	n̄ terreat ? Quis
corporemn̄excutiat?Icemeciamꝑezchielem	corporem n̄ excutiat ? Icem eciam ꝑezchielem
.propēham.uoƀisdominuseuidenterostendit	. propēham . uoƀis dominus euidenter ostendit
.Audiuitenimezechiel.insp̄udūmp̄cipientē	. Audiuit enim ezechiel . in sp̄u dūm p̄cipientē
uiroindutouestibz	uiro induto uestibz
lineisut	lineis ut
signarettau	signaret tau
.su/perfronteuirorumpolentium	. su / per fronte uirorum polentium
ꝓpt̄abhominationesiersm.dein̄p̄c̄ipiēsutominesalii	ꝓpt̄ ab hominationes iersm . dein̄ p̄c̄ipiēs ut omines alii
ꝑcut̄enturadiuuxitūbumiominibzeccƚiep̄latisadmosformidandū	ꝑcut̄entur adiuuxit ūbum i ominibz eccƚie p̄latis admos formidandū
.Asc̄ariomeo.velsecundum	. A sc̄ario meo . vel secundum
aliamtranslatōnema	aliam translatōnem a
scīsmeis	scīs meis
/tisaccepit.Sicutenī	/ tis accepit . Sicut enī
uestislineamultistunsionibzcandorem	uestis linea multis tunsionibz candorem
recipit:Siccaro	recipit : Sic caro
xp̄icolaphis⁊flagelliscesanibi᷒	xp̄i colaphis ⁊ flagellis cesa nibi᷒
simisqudeoꝝsputisinfecta.	simis qudeoꝝ sputis infecta .
cunsionibzattͥtaadcandoremimortaletatisꝑuenit.Biste	cunsionibz attͥta ad candorem imortaletatis ꝑuenit . B iste
frontibzlugentium	frontibz lugentium
abhoīationem	ab hoīationem
ihecƚm.tau.hocēsignumsuecrucis	ihecƚm . tau . hoc ē signum sue crucis
insccibit.Quieiumtolliccrucemsuam	in sccibit . Qui eium tollic crucem suam
hominationesquefiuntauiriseccƚiasticis.	hominationes que fiunt a uiris eccƚiasticis .
deqͥbpominus	de qͥb p ominus
conquerit᷑.	conquerit᷑ .
ꝑier̄.dicens.Nuudestquoddilectusmeus	ꝑier̄ . dicens . Nuud est quod dilectus meus
indomomcasceleramulta/.facit:Dilectus	in domo mca scelera multa /. facit : Dilectus
dominideleretēe	domini deleret ēe
ordoclericalis⁊p̄cipuisacerdotalis.Conq̄riturgͣdn̄squod	ordo clericalis ⁊ p̄cipui sacerdotalis . Conq̄ritur gͣ dn̄s quod
eccƚia.facit	eccƚia . facit
sceleramulta.Qui	scelera multa . Qui
hasabhominationesn̄lugent:ꝑcutiunt᷑:Sz	has ab hominationes n̄ lugent : ꝑcutiunt᷑ : Sz
terri/bileestquoddum	terri / bile est quod dum
ppƚsrelinq̄ntiumpcutit᷑:a	ppƚs relinq̄ntium pcutit᷑ : a
sc̄sdomini.	sc̄s domini .
i.asac̄dotibzmiciumsumit᷑.vosgͥqui	i . a sac̄dotibz micium sumit᷑ . vos gͥ qui
uoƀ.consulat	uoƀ . consulat
unuquisqzconsc̄amsuam.anꝓreccatisuis	unu quisqz consc̄am suam . an ꝓ reccati suis
īfrōtibzhūitis:ꝓculdubioꝑaliissententiam	ī frōtibz hūitis : ꝓculdubio ꝑaliis sententiam
percussionisincurritis.	percussionis incurritis .
Idemetinnlibronum̄oꝝsignant̄	Idem et in nlibro num̄oꝝ signant̄
exprimiturCumenīfornicatifuissentfilii	exprimitur Cum enī fornicati fuissent filii
isrƚcummadianitibz:dixit	isrƚ cum madianitibz : dixit
dūsmoẏ᷒	dūs moẏ᷒
.si.Tollecunctospͥncipesppƚi	. si . Tolle cunctos pͥncipes ppƚi
⁊suspendeeoscontͣ̄	⁊ suspende eos contͣ̄
Eccealisforuicantibz.pͥncipesiubentursus/pendi	Ecce al is foruicantibz . pͥncipes iubentur sus / pendi
.quidhaciussionenoƀ	. quid hac iussione noƀ
daturintelligi.nͥquodculpasubditoꝝin/ꝑniciem	datur intelligi . nͥ quod culpa subditoꝝ in / ꝑniciem
redundatprelatoꝝ:Siem̄subditossuos	redundat prelatoꝝ : Si em̄ subditos suos
peccatores.n̄corripiutcontrasolem	peccatores . n̄ corripiut contra solem
inpatibulissuspendent᷑⁊.inconspectuiusticie	in patibulis suspendent᷑ ⁊. inconspectu iusticie
soliscoramunin̄sitatehumani	solis coram unin̄sitate humani
gn̄is.et̄nemortiscruciatibzaddicent̄.vt	gn̄is . et̄ne mortis cruciatibz addicent̄ . vt
aitorigenes.Sihominesḣ	ait origenes . Si homines ḣ
cogitarent.pͥncipat᷒nonambirent	cogitarent . pͥncipat᷒ non ambirent
ūbis:aosisrō	ūbis : aosis rō
redditur.Quidrespondebit	redditur . Quid respondebit
muiser.quemn̄tm̄ꝓpͥadelictaaccusabunt	muiser . quem n̄ tm̄ ꝓpͥa delicta accusabunt
:sztaliena:Attenditeuoƀ.	: sz t aliena : Attendite uoƀ .
iudiciofuturo	iudicio futuro
beatusenumuitquidisponetsermones	beatus enum uit qui disponet sermones
Afaciemanuscuesoƚsedebam.	A facie manus cue soƚ sedebam .
Pmanūdm̄ihicintelligūꝑcussioexct̄ema	P manū dm̄i hic intelligū ꝑcussio exct̄ema
.faciesmanusdn̄iestimaginatio	. facies manus dn̄i est imaginatio
uƚrespectusultionisextreme?	uƚ respectus ultionis extreme ?
Afaciegmanusdomunisot᷒salet.qui	A facie g manus domuni sot᷒ salet . qui
iudiciifuturirespectu.stre/pitumdesicioꝝcarnaliumfugit	iudicii futuri respectu . stre / pitum desicioꝝ carnalium fugit
mentisserecipit.Nuncad	mentis se recipit . Nunc ad
ordinisp̄rogatuuamocƚos	ordinis p̄rogatuuam ocƚos
mentisreducite⁊vos	mentis reduci te ⁊ vos
estisquibzdispensatioineffabilissacramenticorporis⁊	estis quibz dispensatio ineffabilis sacramenti corporis ⁊
sanguinisdominicōmussaē.videtene	sanguinis domini cōmussa ē . videte ne
sanguiabeliusticlametcont᷑	sangui abel iusti clamet cont᷑
uosdeterra	uos de terra
:illiuisinqͣmabelquiinuidia	: illiuis inqͣm abel qui in uidia
fr̄issuii.iudaicipopƚiinagro	fr̄is sui i . iudaici popƚi inagro
.i.extraierƚiuoccisus	. i . extra ierƚiu occisus
ē.⁊ioꝓpeccoribz	ē .⁊ io ꝓpeccoribz
conuersisclamataddn̄madeoutpeccori	conuersis clamat ad dn̄m a deo ut peccori
penitentidicerepossitpater.⁊uelit.voꝝsangiunis	penitenti dicere possit pater .⁊ uelit . voꝝ sangiunis
.vehūis	. ve hūis
qͥmuiachaimabierunt	qͥ muia chaim abierunt
.fūibz.	. fūibz .
Einuidentescerrenisinhiantes.moblacionib	E in uidentes cerrenis inhiantes . moblacionib
suiscomino	suis comino
qͦdp̄ciprumē.	qͦd p̄ciprum ē .
s.seipsossubc̄ͥhentes.Cimendū	s . se ipsos subc̄ͥhentes . Cimendū
estnecontratalesdametsanguisabeliustideterra	est ne contratales damet sanguis abel iusti de terra
.PNominecerresconstat.ƚmqzpeccatores	. P Nomine cerres constat . ƚmqz peccatores
intelligiixtailluid.	intelligi ixta illuid .
Celummichisecesest.t̄raaū	Celum michi seces est . t̄ra aū
scabellumpedum	scabellum pedum
iooꝝ.⁊serpentidictumē.t̄ramcōmedes	iooꝝ .⁊ serpenti dic tum ē . t̄ram cōmedes
.Cum,gͥpeccatornciorū	. Cum , gͥ peccator nciorū
labepollutus.⁊ꝓdeside/rio	labe pollutus .⁊ ꝓ deside / rio
t̄renorumquasimulsacerraabsortus.immo	t̄renorum quasi muls acerra ab sortus . immo
cotust̄raeffectus	cotus t̄ra effectus
.corp᷒xp̄imanducat⁊sanguinē	. corp᷒ xp̄i manducat ⁊ sanguinē
eiusbibit.nomequasisangumēabelinstiin	eius bibit . nome quasi sangumē abel insti in
/cramestundit:esundienim	/ cram estundit : esundi enim
dr̄quodac̄rarecipitur⁊	dr̄ quod ac̄ra recipitur ⁊
eumdeterra.	eum deterra .
quieuīindignͦ᷒manducat⁊bibit:iudiciumsibi	qui euī indignͦ᷒ manducat ⁊ bibit : iudicium sibi
manducat⁊bibit.felixautemꝓ/quo	manducat ⁊ bibit . felix autem ꝓ / quo
clamatsanguisisteinfelix	clamat sanguis iste infelix
contraquemclamat.bonumēeteisinat᷒non	contra quem clamat . bonum ēet ei si nat᷒ non
fuissethomoille.vtinamministrationemuoƀcreditamadministratisꝓ	fuisset homo ille . vtinam ministrationem uoƀ creditam administratis ꝓ
uoƀclamet	uoƀ clamet
n̄contuosdiggatitpaululumloquatpe	n̄ cont uos diggatit paululum loquat pe
lnindiores.attenditecum	ln indiores . attendite cum
qutavee/ierationelaicisimplices	quta vee / ieratione laici simplices
⁊idiocepriuenicnt	⁊ idioce priuenicnt
diempasceqͣntiscastigatiouibzcorpusaffligunt.	diem pasce qͣntis castigati ouibz corpus affligunt .
utieumiisuigiliis.⁊oronibzelemosinisquasicelestibzmargaritisorati	ut ieumiis uigiliis .⁊ oronibz elemosinis quasi celestibz margaritis orati
dificem̄/eposs.	difice m̄ / e poss .
intint̄ce.km̄iquasiquodeisdiespasce.	int int̄ce . km̄i quasi quod eis dies pasce .
hocestuoƀquelibetfere	hoc est uoƀ quelibet fere
ideoquidsemperfaceredebeatis:exeorumsaltem	ideo quid semper facere debeatis : ex eorum saltem
exemploꝑpendite.neaccidatnoƀquodpopulo	exemplo ꝑpendite . ne accidat noƀ quod populo
dominuscōminat᷑.ꝑmoẏsen.Aduenaquitecummoratur	dominus cōminat᷑ . ꝑ moẏsen . Aduena qui tecum moratur
interrasuꝑiorteerit.⁊tu	in terra suꝑior te erit .⁊ tu
erisifecior.ip̄efenerabittͥ⁊	eris i fecior . ip̄e fene rabit tͥ ⁊
n̄tuei.Aduena	n̄ tu ei . Aduena
.Noƀenim	. Noƀ enim
.cet̄is	. cet̄is
suꝑnosascendit.⁊suꝑͥornoƀ	suꝑ nos ascendit .⁊ suꝑͥor noƀ
efficiturEꝑexcellentiām̄itorumsupernosexalcat᷑.Nosautem	efficitur E ꝑexcellentiā m̄itorum super nos exalcat᷑ . Nos autem
inferioressumusdumadf̄rena	inferiores sumus dum ad f̄rena
querendađi͛scendimus.ip̄efen̄at	querenda đi͛scendimus . ip̄e fen̄at
..noƀ⁊ūnosei.	.. noƀ ⁊ ū nos ei .
dummeliispocestexemplū.beneninendinobisdarequam	dum meliis pocest exemplū . bene ninendi nobis dare quam
iamuoƀexplanari.Iudicufucurirespectu.⁊ur̄e	iam uoƀ explanari . Iudicu fucuri respectu .⁊ ur̄e
dignitatisincuitu:Aitendite	dignitatis incuitu : Aitendite
uoƀ.aquibzautēarcenderedebeatisinapƚoꝝ	uoƀ . a quibz autē arcendere debeatis in apƚoꝝ
pͥnciꝑeuoƀēdeclaratumSenimlegiturinenangƚoioħis	pͥnciꝑe uoƀ ē declaratum S enim legitur in enangƚo ioħis
iohe:ꝓmonegauit	iohe : ꝓmo negauit
aduocēaacillehosi/arie.Scc̄oaduocem	aduocē aacille hosi / arie . Scc̄o ad uocem
malchi.	malchi .
Reūaineuangƚion̄legit᷑exp̄ssumnom̄ioħis.	Reūa in euangƚio n̄legit᷑ exp̄ssum nom̄ ioħis .
exin̄tamendesignandumdatur	exin̄ tamen de signandum datur
indƚƚigi.ꝙioħͦ	indƚƚigi . ꝙ ioħͦ
etrumintroduxit.vtinamditentiaumus.subhiisenimsboꝝ	etrum introduxit . vtinam ditentiaumus . sub hiis enim sboꝝ
foliisdulcissimuslatetfructusinstructionis.Aioħe	foliis dulcissimus latet fructus instructionis . A ioħe
adordinem	ad ordinem
sac̄dotalemidmittit᷑.Szintroductusaioħenegatad	sac̄dotalem idmittit᷑ . Sz introductus a ioħe negat ad
uocemaneille.	uocem aneille .
subēedebetn̄	subēe debet n̄
p̄eē.ntsit	p̄eē . nt sit
ancillan̄	ancilla n̄
dūa.ħēho/stariaquedum	dūa . ħē ho / staria que dum
agrosc̄e.Cumaccedetadaliquemur̄mpecc̄orenormis	agrosc̄e . Cum accedet ad aliquem ur̄m pecc̄or enormis
elatioutdicatcumsuꝑbophariseon̄sum	elatio ut dicat cum suꝑbo phariseo n̄ sum
sicuthicpuplicanus.Szcogitet	sicut hic puplicanus . Sz cogitet
poci᷒ꝙsimile	poci᷒ ꝙ simile
uelcōmisituƚ	uel cōmisit uƚ
cōmut̄epotest.n̄enīmaiorēpͥncipeapƚoꝝqui	cōmut̄e potest . n̄ enī maior ē pͥncipe apƚoꝝ qui
cumdixis/set	cum dixis / set
dn̄o.Et	dn̄o . Et
sioportueritmorimetecūn̄tenegabo.negauit	si oportuerit mori me tecū n̄ te negabo . negauit
postea.aduocēcuiusdammuliercule.qmut	postea . ad uocē cuiusdam muliercule . qm ut
dicitbeatusgͥgon᷒.Dn̄sꝑmisitcadereuͭsciret	dicit beatus gͥgon᷒ . Dn̄s ꝑmisit cadere uͭ sciret
exꝓpͥainfirmitatealiiscondescend	exꝓpͥa infirmitate aliis condescend
Sic⁊uosdeinfirmitatisꝓpͥe	Sic ⁊ uos de infirmitatis ꝓpͥe
.Quodbenein	. Quod bene in
exodosignisratumēdicentemoẏse.Pegͥnomolestusn̄	exodo signis ratum ē dicente moẏse . Pegͥno molestus n̄
egipti.Quismagis	egipti . Quis magis
ꝑegrinusqͣmilleꝮcumfilioꝑdigoabiit	ꝑegrinus qͣm ille Ꝯ cum filio ꝑdigo abiit
īregionēdis/limilitudinis.tali	ī regionē dis / limilitudinis . tali
estotequia	estote quia
⁊uosfui/	⁊ uos fui /
stispegnialiqū.vtinamn̄	stis pegni aliqū . vtinam n̄
mͦ:filioꝑdigoreutentip̄rnichilinꝓꝑauitsz	mͦ : filio ꝑdigo reutenti p̄r nichil inꝓꝑauit sz
occurrenssupercollumeiusceci/lit⁊	occurrens super collum eius ceci / lit ⁊
osculatusesteum.diligent̄aūaltendendū	osculatus est eum . diligent̄ aū altendendū
simpƚt.atten/	simpƚt . atten /
diteuoƀ⁊	dite uoƀ ⁊
gregi.szaddit᷑imiūso.	gregi . sz addit᷑ imiūso .
Ingre/gedn̄isuntfortes.suntdebiles	Ingre / ge dn̄i sunt fortes . sunt debiles
.Inpopulodisuntpauꝑes.suntdiuite	. In populo di sunt pauꝑes . sunt diuite
Quidamobsequiisduutumsetotosinpeudunt.sz	Quidam obsequiis duutum se totos in peudunt . sz
pauꝑesꝑnipendunt.	pauꝑes ꝑnipendunt .
illiusregisseruosseꝓfiteu/tur.de	illius regis seruos se ꝓfiteu / tur . de
inlibrosapientie	in libro sapientie
.pusillum⁊magnumripsefecit⁊	. pusillum ⁊ magnum ripse fecit ⁊
equaliterēillicuradeomnibz.De	equaliter ē illi cura de omnibz . De
quodicit	quo dicit
:psalmista.Anmiaspauꝑumsaluasfaciet⁊honorabile	: psalmista . Anmias pauꝑum saluas faciet ⁊ honorabile
nom̄eoꝝcoramip̄o.	nom̄ eoꝝ coram ip̄o .
Coramnoƀquipuluissumusnomenpauꝑumēabiectul	Coram noƀ qui puluis sumus nomen pauꝑum ē abiectul
uile.sz	uile . sz
coramregeregunihonorabile	coram rege reguni honorabile
.Memoresc̄ecebentꝙ	. Memores c̄ecebent ꝙ
deagnisbis.	de agnis bis .
semeldẏxitpasce	semel dẏxit pasce
agnomeos.Qmdestquoddeagnispascendis	agno meos . Qmd est quod de agnis pascendis
p̄ceptuniif̄at᷑.nͨquodnoƀꝑhoc	p̄ceptuni if̄at᷑ . nͨ quod noƀ ꝑ hoc
intesidatur.qꝛminoꝝ	intesi datur . qꝛ minoꝝ
diligent᷒est	diligent᷒ est
.aliuaeciam	. aliua eciam
insinuat᷑ꝙmaioresqͥlac⁊lanamaliistribuunt	in sinuat᷑ ꝙ maiores qͥ lac ⁊ lanam aliis tribuunt
sibin̄sufficiuntpascendisunt	sibi n̄ sufficiunt pascendi sunt
spͣ̄ualit̄.⁊sifacultasabsit:	spͣ̄ualit̄ .⁊ si facultas absit :
filiumre/	filium re /
gulimintatus	guli mintatus
corporaƚrire	corporaƚr ire
noluit.adheruūcenturionisetiān̄	noluit . ad heruū centurionis etiā n̄
inuitatuscorpaƚrireparatusfiit.Qindin	inuitatus corpaƚr ire paratus fiit . Qind in
hocutdicit	hoc ut dicit
beatusgre/gorius.nͥsuꝑbia	beatus gre / gorius . nͥ suꝑbia
.quiinhomiibzūnatͣamqꝛaadimagiem	. qui in homiibz ū natͣam qꝛ a ad imagiem
szduuciasueneram.	sz duucias ueneram .
vocatnoƚdiues	vocat noƚ diues
⁊currim.uocatnospacper⁊mur/muramus	⁊ currim . uocat nos pacper ⁊ mur / muramus
uƚirenolum᷒.	uƚ ire nolum᷒ .
xp̄imħu.nsolumdebetpauꝑemuo/eantē	xp̄i mħu . n solum debet pauꝑem uo / eantē
exaudire.s⁊	exaudire . s ⁊
peciciont̄eiusp̄uenire.beatusenim	peciciont̄ eius p̄uenire . beatus enim
quiintelligitsuꝑegenumpauꝑem.exemplodūi	qui intelligit suꝑ egenum pauꝑem . exemplo dūi
quilicetn̄ēecogatusa	qui licet n̄ ēe cogatus a
ceutiitioleutseruumēuisicaretcorporaƚr:dꝑxit	ceutiitiole ut seruum ē uisi caret corporaƚr : d ꝑxit
tamen.egoueni/am⁊curabo	tamen . ego ueni / am ⁊ curabo
eum.Quociensoccurritalicuiūrm	eum . Quo ciens occurrit alicui ūrm
aliquislonga	aliquis longa
corporisualitu/dinefractus	corporis ualitu / dine fractus
Efortelepraꝑcussus	E forte lepra ꝑcussus
.uƚaliamolestiapressus.	. uƚ alia molestia pressus .
inseredeat	in se redeat
⁊cogitetꝙ	⁊ cogitet ꝙ
talemeumpotuissetfecissesiuo/	talem eum potuisset fecisse si uo /
luissetquiomniacreauitexnichilo.beatenim	luisset qui omnia creauit ex nichilo . beat enim
iquisic	i qui sic
hunciutellectumhūicmalachiascumdixit.numquidnonunus	hunc iutellectum hūic malachias cum dixit . numquid non unus
estpropteromniumnr̄m:nūquidn̄unuscreauitnos	est propter omnium nr̄m : nūquid n̄ unus creauit nos
suūhuncetiamintellectumhūitbeatiuiiobcum	suū hunc etiam intellectum hūit beatiui iob cum
Ꝯtempsiuidicuinsubire	Ꝯtempsi uidicuin subire
cumseruomeo:quidenī	cum seruo meo : quid enī
faciacumaduidicandūsurrex̄itdn̄s:⁊ciquesieritquid	facia cum ad uidicandū surrex̄it dn̄s :⁊ ci quesierit quid
respondeboilli:nūqͥsn̄muc̄ofecitmequi⁊	respondebo illi : nūqͥs n̄ muc̄o fecit me qui ⁊
illumoꝑatusē⁊īuulua	illum oꝑatus ē ⁊ ī uulua
iͣfirmitaaliena.Sicinalc̄ius	iͣfirmita aliena . Sic in alc̄ius
dequaui/	de qua ui /
beatu᷒gͣgormlignūfiuciderūsemeuscðmspemsuamꝓdncit:	beatu᷒ gͣgorm lignū fiuciderū semeu scðm spem suam ꝓdncit :
Cummensnf̄aexse.⁊	Cum mens nf̄a ex se .⁊
oꝑissem̄parit.	oꝑis sem̄ parit .
⁊dīatcendicenoƀ	⁊ dī atcendice noƀ
⁊uniuersoinquo	⁊ uniuerso in quo
posnituosn̄saaguinisnobilitas.	posnit uos n̄ saaguinis nobilitas .
Esc̄īeclari/	E sc̄īe clari /
ius.n̄pocͥentiefamiliaritas	ius . n̄ pocͥentie familiaritas
.szsp̄csc	. sz sp̄c sc
ep̄os.hocpors̄rūscđmcōmunēusm	ep̄os . hoc pors̄r ū scđm cōmunē usm
hicapp̄ellat	hic app̄ellat
pontificestm̄.szminoressacerdotes	pontifices tm̄ . sz minores sacerdotes
.⁊utalludamūsnocabuloep̄oqͣsisuꝑintendens.Si	.⁊ ut alludamūs nocabulo ep̄o qͣsi suꝑ intendens . Si
gͥquesuꝑt̄ramn̄quisursumsunt	gͥ que suꝑ t̄ram n̄ qui sursum sunt
queritis:Sisuꝑgregeamnur̄mnigiliasnoctisn̄	queritis : Si suꝑ gregeamn ur̄m nigilias noctis n̄
uigilatis.sadsgrogemut̄mm̄itoꝝeminencia	uigilatis . sad s grogem ut̄m m̄itoꝝ eminencia
ūtͣn/scenditis:intrumracenom̄	ū tͣn / scenditis : intrum race nom̄
adquid:	ad quid :
nonadqrendamlac⁊lanam.Szad	non ad qrendam lac ⁊ lanam . Sz ad
oporcebitrationemuillicationisur̄e.videceueexactor	oporcebit rationem uillicationis ur̄e . videce ue exactor
quon̄exeatidonecnorisamū	quo n̄ exeati donec norisamū
quadrantērecoideritis:	quadrantē recoide ritis :
dispensatoresestis:nondomini.Noliteessequasi	dispensatores estis : non domini . Nolite esse quasi
dominantes.	dominantes .
sedformafc̄igregiexanimo.illamaū	sed forma fc̄i gregi ex animo . illam aū
eccƚlamꝮmisituoƀadregendum	eccƚlam Ꝯmisit uoƀ ad regendum
ꝓadquisiuitn̄corruptilibzauroulargento.	ꝓ ad quisiuit n̄ corruptilibz auro ul argento .
szp̄cioso	sz p̄cioso
sanguinesuo	sanguine suo
uerbummeūexemplonolouulgariclaudereꝓp̄spcculatores.Cum	uerbum meū exemplo nolo uulgari claudere ꝓp̄ spcculatores . Cum
mercatoraliquisremalicenp̄cioaliquo	mercator aliquis rem alicen p̄cio aliquo
alioquinūdaretp̄ciimꝑea.Magitg	alioquin ū daret p̄ciim ꝑ ea . Magit g
osfendereteūꝑditiofc̄aCcarememiptāqͣmsiin	osfenderet eū ꝑditio fc̄a Cca rem emiptā qͣm si in
animarūnoƀꝮmissarū	animarū noƀ Ꝯmissarū
quassimaleregitis.ꝓdlitionem	quas si male regitis . ꝓ dlitionem
eigfuagisrersitisuidiꝓditore:uos	ei g fuagis rersitis uidi ꝓditore : uos
usderitis.Aitenditesuoƀ⁊uniūsogregi	usderitis . Aitendite s uoƀ ⁊ uniūso gregi
attenðe.utꝑcurampastoralissollitudinis.ꝑueniatisad	attenðe . ut ꝑ curam pastoralis sollitudinis . ꝑueniatis ad
p̄miumgūe	p̄mium gūe
n̄r.inseculaseclorum.	n̄r . in secula sec lorum .
